Place;Date;Time;Value;Unit;Value;Unit;Value;Unit;Value;Unit;Value;Unit;Value;Unit
1;17/05/2008;09:15:44;26.9;WBGT Temp C;40.5;%RH C      ;34.3;TA Temp C  ;35.3;TG Temp C  ;23.3;WET Temp C ;18.9;DP Temp C  
2;17/05/2008;09:16:44;27;WBGT Temp C;40.7;%RH C      ;34.3;TA Temp C  ;35.4;TG Temp C  ;23.5;WET Temp C ;19.1;DP Temp C  
3;17/05/2008;09:17:44;27.1;WBGT Temp C;40.4;%RH C      ;34.5;TA Temp C  ;35.5;TG Temp C  ;23.5;WET Temp C ;19.1;DP Temp C  
4;17/05/2008;09:18:44;27.2;WBGT Temp C;40.5;%RH C      ;34.5;TA Temp C  ;35.6;TG Temp C  ;23.6;WET Temp C ;19.2;DP Temp C  
5;17/05/2008;09:19:44;27.2;WBGT Temp C;40.5;%RH C      ;34.6;TA Temp C  ;35.6;TG Temp C  ;23.6;WET Temp C ;19.2;DP Temp C  
6;17/05/2008;09:20:44;27.1;WBGT Temp C;40.4;%RH C      ;34.6;TA Temp C  ;35.6;TG Temp C  ;23.5;WET Temp C ;19.1;DP Temp C  
7;17/05/2008;09:21:44;27.2;WBGT Temp C;39.8;%RH C      ;34.8;TA Temp C  ;35.8;TG Temp C  ;23.6;WET Temp C ;19.1;DP Temp C  
8;17/05/2008;09:22:44;27.2;WBGT Temp C;40.1;%RH C      ;34.7;TA Temp C  ;35.8;TG Temp C  ;23.6;WET Temp C ;19.2;DP Temp C  
9;17/05/2008;09:23:44;27.2;WBGT Temp C;39.7;%RH C      ;34.8;TA Temp C  ;35.8;TG Temp C  ;23.5;WET Temp C ;19;DP Temp C  
10;17/05/2008;09:24:44;27.4;WBGT Temp C;39.7;%RH C      ;35.1;TA Temp C  ;35.9;TG Temp C  ;23.8;WET Temp C ;19.3;DP Temp C  
11;17/05/2008;09:25:44;27.4;WBGT Temp C;39.1;%RH C      ;35.2;TA Temp C  ;36.1;TG Temp C  ;23.7;WET Temp C ;19.1;DP Temp C  
12;17/05/2008;09:26:44;27.4;WBGT Temp C;38.7;%RH C      ;35.3;TA Temp C  ;36.2;TG Temp C  ;23.7;WET Temp C ;19.1;DP Temp C  
13;17/05/2008;09:27:44;27.4;WBGT Temp C;38.4;%RH C      ;35.3;TA Temp C  ;36.3;TG Temp C  ;23.6;WET Temp C ;18.9;DP Temp C  
14;17/05/2008;09:28:44;27.5;WBGT Temp C;38.3;%RH C      ;35.4;TA Temp C  ;36.4;TG Temp C  ;23.7;WET Temp C ;19;DP Temp C  
15;17/05/2008;09:29:44;27.4;WBGT Temp C;37.8;%RH C      ;35.5;TA Temp C  ;36.5;TG Temp C  ;23.6;WET Temp C ;18.9;DP Temp C  
16;17/05/2008;09:30:44;27.4;WBGT Temp C;37.9;%RH C      ;35.4;TA Temp C  ;36.5;TG Temp C  ;23.6;WET Temp C ;18.8;DP Temp C  
17;17/05/2008;09:31:44;27.4;WBGT Temp C;37.9;%RH C      ;35.4;TA Temp C  ;36.4;TG Temp C  ;23.6;WET Temp C ;18.8;DP Temp C  
18;17/05/2008;09:32:44;27.4;WBGT Temp C;37.8;%RH C      ;35.3;TA Temp C  ;36.3;TG Temp C  ;23.6;WET Temp C ;18.8;DP Temp C  
19;17/05/2008;09:33:44;27.3;WBGT Temp C;37.7;%RH C      ;35.4;TA Temp C  ;36.4;TG Temp C  ;23.5;WET Temp C ;18.7;DP Temp C  
20;17/05/2008;09:34:44;27.3;WBGT Temp C;37.9;%RH C      ;35.2;TA Temp C  ;36.3;TG Temp C  ;23.5;WET Temp C ;18.7;DP Temp C  
21;17/05/2008;09:35:44;27.4;WBGT Temp C;37.9;%RH C      ;35.3;TA Temp C  ;36.4;TG Temp C  ;23.6;WET Temp C ;18.8;DP Temp C  
22;17/05/2008;09:36:44;27.4;WBGT Temp C;37.6;%RH C      ;35.5;TA Temp C  ;36.5;TG Temp C  ;23.6;WET Temp C ;18.8;DP Temp C  
23;17/05/2008;09:37:44;27.4;WBGT Temp C;37.8;%RH C      ;35.4;TA Temp C  ;36.5;TG Temp C  ;23.6;WET Temp C ;18.9;DP Temp C  
24;17/05/2008;09:38:44;27.4;WBGT Temp C;37.5;%RH C      ;35.4;TA Temp C  ;36.5;TG Temp C  ;23.5;WET Temp C ;18.6;DP Temp C  
25;17/05/2008;09:39:44;27.4;WBGT Temp C;37.5;%RH C      ;35.5;TA Temp C  ;36.4;TG Temp C  ;23.6;WET Temp C ;18.7;DP Temp C  
26;17/05/2008;09:40:44;27.4;WBGT Temp C;37.2;%RH C      ;35.6;TA Temp C  ;36.5;TG Temp C  ;23.6;WET Temp C ;18.7;DP Temp C  
27;17/05/2008;09:41:44;27.5;WBGT Temp C;36.9;%RH C      ;35.7;TA Temp C  ;36.6;TG Temp C  ;23.6;WET Temp C ;18.6;DP Temp C  
28;17/05/2008;09:42:44;27.5;WBGT Temp C;36.5;%RH C      ;35.9;TA Temp C  ;36.8;TG Temp C  ;23.6;WET Temp C ;18.6;DP Temp C  
29;17/05/2008;09:43:44;27.6;WBGT Temp C;36.5;%RH C      ;35.9;TA Temp C  ;36.9;TG Temp C  ;23.6;WET Temp C ;18.6;DP Temp C  
30;17/05/2008;09:44:44;27.6;WBGT Temp C;36.6;%RH C      ;35.9;TA Temp C  ;37;TG Temp C  ;23.7;WET Temp C ;18.8;DP Temp C  
31;17/05/2008;09:45:44;27.5;WBGT Temp C;36.7;%RH C      ;35.8;TA Temp C  ;36.8;TG Temp C  ;23.6;WET Temp C ;18.6;DP Temp C  
32;17/05/2008;09:46:44;27.4;WBGT Temp C;36.5;%RH C      ;35.8;TA Temp C  ;36.8;TG Temp C  ;23.5;WET Temp C ;18.6;DP Temp C  
33;17/05/2008;09:47:44;27.5;WBGT Temp C;36.3;%RH C      ;35.9;TA Temp C  ;36.8;TG Temp C  ;23.6;WET Temp C ;18.6;DP Temp C  
34;17/05/2008;09:48:44;27.4;WBGT Temp C;36.4;%RH C      ;35.8;TA Temp C  ;36.7;TG Temp C  ;23.5;WET Temp C ;18.5;DP Temp C  
35;17/05/2008;09:49:44;27.5;WBGT Temp C;36.3;%RH C      ;35.9;TA Temp C  ;36.9;TG Temp C  ;23.6;WET Temp C ;18.6;DP Temp C  
36;17/05/2008;09:50:44;27.6;WBGT Temp C;36;%RH C      ;36.1;TA Temp C  ;37;TG Temp C  ;23.6;WET Temp C ;18.6;DP Temp C  
37;17/05/2008;09:51:44;27.7;WBGT Temp C;35.9;%RH C      ;36.2;TA Temp C  ;37.2;TG Temp C  ;23.7;WET Temp C ;18.6;DP Temp C  
38;17/05/2008;09:52:44;27.6;WBGT Temp C;36.1;%RH C      ;36;TA Temp C  ;37.2;TG Temp C  ;23.6;WET Temp C ;18.6;DP Temp C  
39;17/05/2008;09:53:44;27.8;WBGT Temp C;36.2;%RH C      ;36.2;TA Temp C  ;37.4;TG Temp C  ;23.8;WET Temp C ;18.9;DP Temp C  
40;17/05/2008;09:54:44;27.8;WBGT Temp C;35.3;%RH C      ;36.4;TA Temp C  ;37.5;TG Temp C  ;23.7;WET Temp C ;18.6;DP Temp C  
41;17/05/2008;09:55:44;27.9;WBGT Temp C;35.4;%RH C      ;36.4;TA Temp C  ;37.5;TG Temp C  ;23.8;WET Temp C ;18.7;DP Temp C  
42;17/05/2008;09:56:44;27.9;WBGT Temp C;35.3;%RH C      ;36.5;TA Temp C  ;37.6;TG Temp C  ;23.8;WET Temp C ;18.6;DP Temp C  
43;17/05/2008;09:57:44;28;WBGT Temp C;35;%RH C      ;36.6;TA Temp C  ;37.8;TG Temp C  ;23.8;WET Temp C ;18.6;DP Temp C  
44;17/05/2008;09:58:44;28;WBGT Temp C;35.3;%RH C      ;36.5;TA Temp C  ;37.8;TG Temp C  ;23.8;WET Temp C ;18.6;DP Temp C  
45;17/05/2008;09:59:44;27.9;WBGT Temp C;35.4;%RH C      ;36.5;TA Temp C  ;37.6;TG Temp C  ;23.8;WET Temp C ;18.7;DP Temp C  
46;17/05/2008;10:00:44;27.8;WBGT Temp C;35.5;%RH C      ;36.3;TA Temp C  ;37.6;TG Temp C  ;23.7;WET Temp C ;18.6;DP Temp C  
47;17/05/2008;10:01:44;27.9;WBGT Temp C;35.3;%RH C      ;36.5;TA Temp C  ;37.6;TG Temp C  ;23.8;WET Temp C ;18.6;DP Temp C  
48;17/05/2008;10:02:44;27.8;WBGT Temp C;35.2;%RH C      ;36.5;TA Temp C  ;37.6;TG Temp C  ;23.7;WET Temp C ;18.6;DP Temp C  
49;17/05/2008;10:03:44;27.9;WBGT Temp C;35;%RH C      ;36.6;TA Temp C  ;37.6;TG Temp C  ;23.8;WET Temp C ;18.6;DP Temp C  
50;17/05/2008;10:04:44;28;WBGT Temp C;34.9;%RH C      ;36.8;TA Temp C  ;37.8;TG Temp C  ;23.9;WET Temp C ;18.7;DP Temp C  
51;17/05/2008;10:05:44;28;WBGT Temp C;34.2;%RH C      ;36.9;TA Temp C  ;37.9;TG Temp C  ;23.8;WET Temp C ;18.5;DP Temp C  
52;17/05/2008;10:06:44;28;WBGT Temp C;34.4;%RH C      ;36.8;TA Temp C  ;38;TG Temp C  ;23.8;WET Temp C ;18.5;DP Temp C  
53;17/05/2008;10:07:44;28.1;WBGT Temp C;34.7;%RH C      ;36.8;TA Temp C  ;37.9;TG Temp C  ;23.8;WET Temp C ;18.6;DP Temp C  
54;17/05/2008;10:08:44;27.9;WBGT Temp C;34.3;%RH C      ;36.7;TA Temp C  ;37.9;TG Temp C  ;23.7;WET Temp C ;18.4;DP Temp C  
55;17/05/2008;10:09:44;27.9;WBGT Temp C;34.3;%RH C      ;36.7;TA Temp C  ;37.9;TG Temp C  ;23.7;WET Temp C ;18.4;DP Temp C  
56;17/05/2008;10:10:44;27.9;WBGT Temp C;34.2;%RH C      ;36.7;TA Temp C  ;37.8;TG Temp C  ;23.7;WET Temp C ;18.4;DP Temp C  
57;17/05/2008;10:11:44;28;WBGT Temp C;34.1;%RH C      ;36.8;TA Temp C  ;37.9;TG Temp C  ;23.8;WET Temp C ;18.4;DP Temp C  
58;17/05/2008;10:12:44;28.1;WBGT Temp C;34;%RH C      ;37;TA Temp C  ;38.1;TG Temp C  ;23.9;WET Temp C ;18.6;DP Temp C  
59;17/05/2008;10:13:44;28.2;WBGT Temp C;33.7;%RH C      ;37.1;TA Temp C  ;38.3;TG Temp C  ;23.9;WET Temp C ;18.5;DP Temp C  
60;17/05/2008;10:14:44;28;WBGT Temp C;33.5;%RH C      ;37.1;TA Temp C  ;38.3;TG Temp C  ;23.7;WET Temp C ;18.3;DP Temp C  
61;17/05/2008;10:15:44;28;WBGT Temp C;33.5;%RH C      ;37.1;TA Temp C  ;38.2;TG Temp C  ;23.7;WET Temp C ;18.3;DP Temp C  
62;17/05/2008;10:16:44;28;WBGT Temp C;33;%RH C      ;37.1;TA Temp C  ;38.3;TG Temp C  ;23.6;WET Temp C ;18.1;DP Temp C  
63;17/05/2008;10:17:44;28;WBGT Temp C;33.5;%RH C      ;37.1;TA Temp C  ;38.3;TG Temp C  ;23.7;WET Temp C ;18.3;DP Temp C  
64;17/05/2008;10:18:44;28;WBGT Temp C;33.7;%RH C      ;37;TA Temp C  ;38.2;TG Temp C  ;23.7;WET Temp C ;18.3;DP Temp C  
65;17/05/2008;10:19:44;27.9;WBGT Temp C;33.7;%RH C      ;36.8;TA Temp C  ;38;TG Temp C  ;23.6;WET Temp C ;18.2;DP Temp C  
66;17/05/2008;10:20:44;27.9;WBGT Temp C;33.5;%RH C      ;37.1;TA Temp C  ;38;TG Temp C  ;23.7;WET Temp C ;18.3;DP Temp C  
67;17/05/2008;10:21:44;28.1;WBGT Temp C;33.2;%RH C      ;37.3;TA Temp C  ;38.2;TG Temp C  ;23.8;WET Temp C ;18.4;DP Temp C  
68;17/05/2008;10:22:44;28.2;WBGT Temp C;33.1;%RH C      ;37.2;TA Temp C  ;38.5;TG Temp C  ;23.8;WET Temp C ;18.3;DP Temp C  
69;17/05/2008;10:23:44;28.3;WBGT Temp C;33.1;%RH C      ;37.4;TA Temp C  ;38.6;TG Temp C  ;23.9;WET Temp C ;18.4;DP Temp C  
70;17/05/2008;10:24:44;28.4;WBGT Temp C;32.9;%RH C      ;37.6;TA Temp C  ;38.9;TG Temp C  ;24;WET Temp C ;18.6;DP Temp C  
71;17/05/2008;10:25:44;28.4;WBGT Temp C;32.4;%RH C      ;37.7;TA Temp C  ;39.1;TG Temp C  ;23.9;WET Temp C ;18.3;DP Temp C  
72;17/05/2008;10:26:44;28.4;WBGT Temp C;32.6;%RH C      ;37.7;TA Temp C  ;39.1;TG Temp C  ;23.9;WET Temp C ;18.4;DP Temp C  
73;17/05/2008;10:27:44;28.4;WBGT Temp C;32.6;%RH C      ;37.6;TA Temp C  ;38.9;TG Temp C  ;23.9;WET Temp C ;18.3;DP Temp C  
74;17/05/2008;10:28:44;28.3;WBGT Temp C;32.3;%RH C      ;37.6;TA Temp C  ;38.9;TG Temp C  ;23.8;WET Temp C ;18.2;DP Temp C  
75;17/05/2008;10:29:44;28.3;WBGT Temp C;32.4;%RH C      ;37.6;TA Temp C  ;39;TG Temp C  ;23.8;WET Temp C ;18.2;DP Temp C  
76;17/05/2008;10:30:44;28.3;WBGT Temp C;32.4;%RH C      ;37.6;TA Temp C  ;39.1;TG Temp C  ;23.8;WET Temp C ;18.2;DP Temp C  
77;17/05/2008;10:31:44;28.4;WBGT Temp C;32.5;%RH C      ;37.7;TA Temp C  ;39.1;TG Temp C  ;23.9;WET Temp C ;18.4;DP Temp C  
78;17/05/2008;10:32:44;28.5;WBGT Temp C;32.2;%RH C      ;37.9;TA Temp C  ;39.2;TG Temp C  ;24.1;WET Temp C ;18.5;DP Temp C  
79;17/05/2008;10:33:44;28.4;WBGT Temp C;31.9;%RH C      ;37.9;TA Temp C  ;39.1;TG Temp C  ;23.9;WET Temp C ;18.2;DP Temp C  
80;17/05/2008;10:34:44;28.3;WBGT Temp C;32;%RH C      ;37.7;TA Temp C  ;39;TG Temp C  ;23.8;WET Temp C ;18.1;DP Temp C  
81;17/05/2008;10:35:44;28.3;WBGT Temp C;32.1;%RH C      ;37.7;TA Temp C  ;38.8;TG Temp C  ;23.8;WET Temp C ;18.2;DP Temp C  
82;17/05/2008;10:36:44;28.3;WBGT Temp C;31.7;%RH C      ;37.7;TA Temp C  ;38.8;TG Temp C  ;23.8;WET Temp C ;18.1;DP Temp C  
83;17/05/2008;10:37:44;28.1;WBGT Temp C;31.2;%RH C      ;37.7;TA Temp C  ;38.9;TG Temp C  ;23.6;WET Temp C ;17.7;DP Temp C  
84;17/05/2008;10:38:44;28;WBGT Temp C;31.3;%RH C      ;37.6;TA Temp C  ;38.8;TG Temp C  ;23.5;WET Temp C ;17.7;DP Temp C  
85;17/05/2008;10:39:44;28.2;WBGT Temp C;30.6;%RH C      ;37.9;TA Temp C  ;39;TG Temp C  ;23.6;WET Temp C ;17.6;DP Temp C  
86;17/05/2008;10:40:44;28.2;WBGT Temp C;31.3;%RH C      ;37.7;TA Temp C  ;39.1;TG Temp C  ;23.6;WET Temp C ;17.8;DP Temp C  
87;17/05/2008;10:41:44;28.3;WBGT Temp C;31;%RH C      ;37.9;TA Temp C  ;39.3;TG Temp C  ;23.7;WET Temp C ;17.8;DP Temp C  
88;17/05/2008;10:42:44;28.2;WBGT Temp C;30.9;%RH C      ;37.9;TA Temp C  ;39.2;TG Temp C  ;23.6;WET Temp C ;17.7;DP Temp C  
89;17/05/2008;10:43:44;28.4;WBGT Temp C;30.9;%RH C      ;38;TA Temp C  ;39.3;TG Temp C  ;23.8;WET Temp C ;17.9;DP Temp C  
90;17/05/2008;10:44:44;28.4;WBGT Temp C;30.5;%RH C      ;38;TA Temp C  ;39.6;TG Temp C  ;23.6;WET Temp C ;17.6;DP Temp C  
91;17/05/2008;10:45:44;28.5;WBGT Temp C;30.5;%RH C      ;38.2;TA Temp C  ;39.6;TG Temp C  ;23.7;WET Temp C ;17.8;DP Temp C  
92;17/05/2008;10:46:44;28.5;WBGT Temp C;30.3;%RH C      ;38.3;TA Temp C  ;39.7;TG Temp C  ;23.8;WET Temp C ;17.8;DP Temp C  
93;17/05/2008;10:47:44;28.6;WBGT Temp C;30;%RH C      ;38.6;TA Temp C  ;39.8;TG Temp C  ;23.9;WET Temp C ;17.9;DP Temp C  
94;17/05/2008;10:48:44;28.5;WBGT Temp C;29.2;%RH C      ;38.7;TA Temp C  ;39.8;TG Temp C  ;23.7;WET Temp C ;17.5;DP Temp C  
95;17/05/2008;10:49:44;28.5;WBGT Temp C;29.7;%RH C      ;38.4;TA Temp C  ;39.7;TG Temp C  ;23.7;WET Temp C ;17.5;DP Temp C  
96;17/05/2008;10:50:44;28.4;WBGT Temp C;30.1;%RH C      ;38.3;TA Temp C  ;39.5;TG Temp C  ;23.7;WET Temp C ;17.7;DP Temp C  
97;17/05/2008;10:51:44;28.1;WBGT Temp C;30.1;%RH C      ;37.8;TA Temp C  ;39.2;TG Temp C  ;23.4;WET Temp C ;17.3;DP Temp C  
98;17/05/2008;10:52:44;28;WBGT Temp C;30.1;%RH C      ;37.9;TA Temp C  ;38.9;TG Temp C  ;23.4;WET Temp C ;17.3;DP Temp C  
99;17/05/2008;10:53:44;28.1;WBGT Temp C;29.5;%RH C      ;38.2;TA Temp C  ;38.9;TG Temp C  ;23.5;WET Temp C ;17.3;DP Temp C  
100;17/05/2008;10:54:44;28.1;WBGT Temp C;29.4;%RH C      ;38.3;TA Temp C  ;39.1;TG Temp C  ;23.5;WET Temp C ;17.3;DP Temp C  
101;17/05/2008;10:55:44;28.2;WBGT Temp C;29.2;%RH C      ;38.3;TA Temp C  ;39.3;TG Temp C  ;23.4;WET Temp C ;17.2;DP Temp C  
102;17/05/2008;10:56:44;28.1;WBGT Temp C;28.9;%RH C      ;38.2;TA Temp C  ;39.4;TG Temp C  ;23.3;WET Temp C ;16.9;DP Temp C  
103;17/05/2008;10:57:44;28.1;WBGT Temp C;29.1;%RH C      ;38.2;TA Temp C  ;39.5;TG Temp C  ;23.3;WET Temp C ;17;DP Temp C  
104;17/05/2008;10:58:44;28.3;WBGT Temp C;29.2;%RH C      ;38.3;TA Temp C  ;39.6;TG Temp C  ;23.5;WET Temp C ;17.3;DP Temp C  
105;17/05/2008;10:59:44;28.3;WBGT Temp C;29.1;%RH C      ;38.4;TA Temp C  ;39.7;TG Temp C  ;23.5;WET Temp C ;17.2;DP Temp C  
106;17/05/2008;11:00:44;28.4;WBGT Temp C;28.7;%RH C      ;38.6;TA Temp C  ;39.9;TG Temp C  ;23.5;WET Temp C ;17.2;DP Temp C  
107;17/05/2008;11:01:44;28.6;WBGT Temp C;28.7;%RH C      ;38.8;TA Temp C  ;40.1;TG Temp C  ;23.7;WET Temp C ;17.3;DP Temp C  
108;17/05/2008;11:02:44;28.6;WBGT Temp C;28.5;%RH C      ;38.9;TA Temp C  ;40.2;TG Temp C  ;23.7;WET Temp C ;17.3;DP Temp C  
109;17/05/2008;11:03:44;28.5;WBGT Temp C;28.7;%RH C      ;38.8;TA Temp C  ;40.1;TG Temp C  ;23.6;WET Temp C ;17.3;DP Temp C  
110;17/05/2008;11:04:44;28.7;WBGT Temp C;28.5;%RH C      ;39;TA Temp C  ;40.2;TG Temp C  ;23.8;WET Temp C ;17.5;DP Temp C  
111;17/05/2008;11:05:44;28.6;WBGT Temp C;28;%RH C      ;39.1;TA Temp C  ;40.3;TG Temp C  ;23.7;WET Temp C ;17.2;DP Temp C  
112;17/05/2008;11:06:44;28.4;WBGT Temp C;28.2;%RH C      ;38.7;TA Temp C  ;40.2;TG Temp C  ;23.4;WET Temp C ;17;DP Temp C  
113;17/05/2008;11:07:44;28.6;WBGT Temp C;28;%RH C      ;39.1;TA Temp C  ;40.3;TG Temp C  ;23.7;WET Temp C ;17.2;DP Temp C  
114;17/05/2008;11:08:44;28.6;WBGT Temp C;27.9;%RH C      ;39.1;TA Temp C  ;40.5;TG Temp C  ;23.6;WET Temp C ;17.1;DP Temp C  
115;17/05/2008;11:09:44;28.7;WBGT Temp C;28.2;%RH C      ;39;TA Temp C  ;40.4;TG Temp C  ;23.7;WET Temp C ;17.2;DP Temp C  
116;17/05/2008;11:10:44;28.7;WBGT Temp C;27.9;%RH C      ;39;TA Temp C  ;40.6;TG Temp C  ;23.6;WET Temp C ;17.1;DP Temp C  
117;17/05/2008;11:11:44;28.6;WBGT Temp C;27.6;%RH C      ;39.1;TA Temp C  ;40.7;TG Temp C  ;23.5;WET Temp C ;17;DP Temp C  
118;17/05/2008;11:12:44;28.5;WBGT Temp C;27.8;%RH C      ;38.9;TA Temp C  ;40.6;TG Temp C  ;23.5;WET Temp C ;16.9;DP Temp C  
119;17/05/2008;11:13:44;28.3;WBGT Temp C;26.9;%RH C      ;38.8;TA Temp C  ;40.6;TG Temp C  ;23.1;WET Temp C ;16.3;DP Temp C  
120;17/05/2008;11:14:44;28.2;WBGT Temp C;27.8;%RH C      ;38.4;TA Temp C  ;40.4;TG Temp C  ;23.1;WET Temp C ;16.5;DP Temp C  
121;17/05/2008;11:15:44;28.2;WBGT Temp C;27.2;%RH C      ;38.6;TA Temp C  ;40.4;TG Temp C  ;23.2;WET Temp C ;16.4;DP Temp C  
122;17/05/2008;11:16:44;28.2;WBGT Temp C;26.9;%RH C      ;38.8;TA Temp C  ;40.4;TG Temp C  ;23.1;WET Temp C ;16.3;DP Temp C  
123;17/05/2008;11:17:44;28.4;WBGT Temp C;26.6;%RH C      ;39.1;TA Temp C  ;40.5;TG Temp C  ;23.3;WET Temp C ;16.5;DP Temp C  
124;17/05/2008;11:18:44;28.4;WBGT Temp C;26.2;%RH C      ;39.2;TA Temp C  ;40.6;TG Temp C  ;23.2;WET Temp C ;16.2;DP Temp C  
125;17/05/2008;11:19:44;28.3;WBGT Temp C;26.1;%RH C      ;39;TA Temp C  ;40.6;TG Temp C  ;23.1;WET Temp C ;16.1;DP Temp C  
126;17/05/2008;11:20:44;28.3;WBGT Temp C;26.2;%RH C      ;39.1;TA Temp C  ;40.4;TG Temp C  ;23.2;WET Temp C ;16.2;DP Temp C  
127;17/05/2008;11:21:44;28.4;WBGT Temp C;25.9;%RH C      ;39.3;TA Temp C  ;40.6;TG Temp C  ;23.2;WET Temp C ;16.2;DP Temp C  
128;17/05/2008;11:22:44;28.6;WBGT Temp C;25.9;%RH C      ;39.7;TA Temp C  ;40.8;TG Temp C  ;23.5;WET Temp C ;16.5;DP Temp C  
129;17/05/2008;11:23:44;28.9;WBGT Temp C;25.7;%RH C      ;40.1;TA Temp C  ;41.2;TG Temp C  ;23.7;WET Temp C ;16.8;DP Temp C  
130;17/05/2008;11:24:44;28.8;WBGT Temp C;25.1;%RH C      ;40;TA Temp C  ;41.5;TG Temp C  ;23.4;WET Temp C ;16.2;DP Temp C  
131;17/05/2008;11:25:44;28.9;WBGT Temp C;25.7;%RH C      ;39.7;TA Temp C  ;41.5;TG Temp C  ;23.5;WET Temp C ;16.4;DP Temp C  
132;17/05/2008;11:26:44;28.7;WBGT Temp C;24.9;%RH C      ;39.9;TA Temp C  ;41.6;TG Temp C  ;23.3;WET Temp C ;16;DP Temp C  
133;17/05/2008;11:27:44;28.8;WBGT Temp C;24.7;%RH C      ;40.1;TA Temp C  ;41.6;TG Temp C  ;23.4;WET Temp C ;16.1;DP Temp C  
134;17/05/2008;11:28:44;28.6;WBGT Temp C;25.2;%RH C      ;39.5;TA Temp C  ;41.5;TG Temp C  ;23.1;WET Temp C ;16;DP Temp C  
135;17/05/2008;11:29:44;28.6;WBGT Temp C;24.5;%RH C      ;39.8;TA Temp C  ;41.6;TG Temp C  ;23.1;WET Temp C ;15.7;DP Temp C  
136;17/05/2008;11:30:44;28.8;WBGT Temp C;24.2;%RH C      ;40.1;TA Temp C  ;41.9;TG Temp C  ;23.2;WET Temp C ;15.7;DP Temp C  
137;17/05/2008;11:31:44;29;WBGT Temp C;23.3;%RH C      ;40.7;TA Temp C  ;42.4;TG Temp C  ;23.3;WET Temp C ;15.6;DP Temp C  
138;17/05/2008;11:32:44;28.8;WBGT Temp C;23.7;%RH C      ;40;TA Temp C  ;42.6;TG Temp C  ;23;WET Temp C ;15.4;DP Temp C  
139;17/05/2008;11:33:44;28.9;WBGT Temp C;23.1;%RH C      ;40.6;TA Temp C  ;42.5;TG Temp C  ;23.2;WET Temp C ;15.5;DP Temp C  
140;17/05/2008;11:34:44;29.4;WBGT Temp C;21.7;%RH C      ;42;TA Temp C  ;42.7;TG Temp C  ;23.7;WET Temp C ;15.7;DP Temp C  
141;17/05/2008;11:35:44;28.8;WBGT Temp C;22;%RH C      ;40.8;TA Temp C  ;42.6;TG Temp C  ;22.9;WET Temp C ;14.8;DP Temp C  
142;17/05/2008;11:36:44;28.9;WBGT Temp C;23.3;%RH C      ;40.5;TA Temp C  ;42.2;TG Temp C  ;23.2;WET Temp C ;15.6;DP Temp C  
143;17/05/2008;11:37:44;29.1;WBGT Temp C;23.2;%RH C      ;41;TA Temp C  ;42.3;TG Temp C  ;23.5;WET Temp C ;15.9;DP Temp C  
144;17/05/2008;11:38:44;29.1;WBGT Temp C;23.3;%RH C      ;40.9;TA Temp C  ;42.4;TG Temp C  ;23.4;WET Temp C ;15.8;DP Temp C  
145;17/05/2008;11:39:44;28.9;WBGT Temp C;22.7;%RH C      ;40.8;TA Temp C  ;42.4;TG Temp C  ;23.2;WET Temp C ;15.3;DP Temp C  
146;17/05/2008;11:40:44;28.8;WBGT Temp C;23.2;%RH C      ;40.5;TA Temp C  ;42.3;TG Temp C  ;23.1;WET Temp C ;15.4;DP Temp C  
147;17/05/2008;11:41:44;28.2;WBGT Temp C;21;%RH C      ;40.2;TA Temp C  ;42.2;TG Temp C  ;22.2;WET Temp C ;13.6;DP Temp C  
148;17/05/2008;11:42:44;28;WBGT Temp C;19.6;%RH C      ;40.4;TA Temp C  ;42.1;TG Temp C  ;22;WET Temp C ;12.8;DP Temp C  
149;17/05/2008;11:43:44;27.9;WBGT Temp C;19.6;%RH C      ;40.5;TA Temp C  ;41.9;TG Temp C  ;22;WET Temp C ;12.9;DP Temp C  
150;17/05/2008;11:44:44;28.1;WBGT Temp C;21.4;%RH C      ;40.3;TA Temp C  ;41.7;TG Temp C  ;22.4;WET Temp C ;14;DP Temp C  
151;17/05/2008;11:45:44;28.3;WBGT Temp C;22.1;%RH C      ;40.2;TA Temp C  ;41.6;TG Temp C  ;22.7;WET Temp C ;14.5;DP Temp C  
152;17/05/2008;11:46:44;28.2;WBGT Temp C;21.9;%RH C      ;40.2;TA Temp C  ;41.7;TG Temp C  ;22.5;WET Temp C ;14.3;DP Temp C  
153;17/05/2008;11:47:44;28.3;WBGT Temp C;22.3;%RH C      ;40.3;TA Temp C  ;41.6;TG Temp C  ;22.7;WET Temp C ;14.6;DP Temp C  
154;17/05/2008;11:48:44;28.5;WBGT Temp C;22.7;%RH C      ;40.5;TA Temp C  ;41.5;TG Temp C  ;23;WET Temp C ;15.1;DP Temp C  
155;17/05/2008;11:49:44;28.4;WBGT Temp C;22.4;%RH C      ;40.4;TA Temp C  ;41.7;TG Temp C  ;22.8;WET Temp C ;14.8;DP Temp C  
156;17/05/2008;11:50:44;28.5;WBGT Temp C;22.3;%RH C      ;40.6;TA Temp C  ;41.8;TG Temp C  ;22.9;WET Temp C ;14.9;DP Temp C  
157;17/05/2008;11:51:44;28.7;WBGT Temp C;22.2;%RH C      ;40.7;TA Temp C  ;42;TG Temp C  ;23;WET Temp C ;14.9;DP Temp C  
158;17/05/2008;11:52:44;28.6;WBGT Temp C;21.9;%RH C      ;40.7;TA Temp C  ;42.2;TG Temp C  ;22.9;WET Temp C ;14.7;DP Temp C  
159;17/05/2008;11:53:44;28.3;WBGT Temp C;21.5;%RH C      ;40.5;TA Temp C  ;41.9;TG Temp C  ;22.6;WET Temp C ;14.2;DP Temp C  
160;17/05/2008;11:54:44;28.1;WBGT Temp C;21.2;%RH C      ;40.4;TA Temp C  ;41.7;TG Temp C  ;22.4;WET Temp C ;13.9;DP Temp C  
161;17/05/2008;11:55:44;28.2;WBGT Temp C;21;%RH C      ;40.5;TA Temp C  ;41.7;TG Temp C  ;22.5;WET Temp C ;14;DP Temp C  
162;17/05/2008;11:56:44;28.2;WBGT Temp C;20.7;%RH C      ;40.7;TA Temp C  ;41.7;TG Temp C  ;22.5;WET Temp C ;13.8;DP Temp C  
163;17/05/2008;11:57:44;28.2;WBGT Temp C;20.9;%RH C      ;40.5;TA Temp C  ;41.8;TG Temp C  ;22.4;WET Temp C ;13.8;DP Temp C  
164;17/05/2008;11:58:44;28.3;WBGT Temp C;20.6;%RH C      ;40.8;TA Temp C  ;41.9;TG Temp C  ;22.5;WET Temp C ;13.8;DP Temp C  
165;17/05/2008;11:59:44;28.3;WBGT Temp C;20.4;%RH C      ;40.7;TA Temp C  ;42.1;TG Temp C  ;22.4;WET Temp C ;13.6;DP Temp C  
166;17/05/2008;12:00:44;28.3;WBGT Temp C;20.1;%RH C      ;40.9;TA Temp C  ;42.2;TG Temp C  ;22.4;WET Temp C ;13.5;DP Temp C  
167;17/05/2008;12:01:44;28.1;WBGT Temp C;19.6;%RH C      ;40.8;TA Temp C  ;42.1;TG Temp C  ;22.2;WET Temp C ;13.1;DP Temp C  
168;17/05/2008;12:02:44;28.3;WBGT Temp C;19.4;%RH C      ;41.1;TA Temp C  ;42.4;TG Temp C  ;22.3;WET Temp C ;13.1;DP Temp C  
169;17/05/2008;12:03:44;28.1;WBGT Temp C;18.9;%RH C      ;40.9;TA Temp C  ;42.5;TG Temp C  ;22;WET Temp C ;12.6;DP Temp C  
170;17/05/2008;12:04:44;27.9;WBGT Temp C;19;%RH C      ;40.7;TA Temp C  ;42.2;TG Temp C  ;21.9;WET Temp C ;12.5;DP Temp C  
171;17/05/2008;12:05:44;27.8;WBGT Temp C;19.6;%RH C      ;40.2;TA Temp C  ;42.1;TG Temp C  ;21.8;WET Temp C ;12.6;DP Temp C  
172;17/05/2008;12:06:44;28;WBGT Temp C;19.1;%RH C      ;40.7;TA Temp C  ;42.2;TG Temp C  ;22;WET Temp C ;12.7;DP Temp C  
173;17/05/2008;12:07:44;28.2;WBGT Temp C;18.7;%RH C      ;41.2;TA Temp C  ;42.6;TG Temp C  ;22.1;WET Temp C ;12.7;DP Temp C  
174;17/05/2008;12:08:44;28.3;WBGT Temp C;18.2;%RH C      ;41.5;TA Temp C  ;42.9;TG Temp C  ;22.1;WET Temp C ;12.5;DP Temp C  
175;17/05/2008;12:09:44;28.5;WBGT Temp C;18.8;%RH C      ;41.4;TA Temp C  ;43;TG Temp C  ;22.3;WET Temp C ;12.9;DP Temp C  
176;17/05/2008;12:10:44;28.5;WBGT Temp C;18.2;%RH C      ;41.8;TA Temp C  ;43.2;TG Temp C  ;22.3;WET Temp C ;12.7;DP Temp C  
177;17/05/2008;12:11:44;28.2;WBGT Temp C;17.1;%RH C      ;41.6;TA Temp C  ;43.3;TG Temp C  ;21.8;WET Temp C ;11.6;DP Temp C  
178;17/05/2008;12:12:44;28;WBGT Temp C;16.9;%RH C      ;41.4;TA Temp C  ;43;TG Temp C  ;21.6;WET Temp C ;11.3;DP Temp C  
179;17/05/2008;12:13:44;27.9;WBGT Temp C;17.1;%RH C      ;41.3;TA Temp C  ;42.8;TG Temp C  ;21.6;WET Temp C ;11.4;DP Temp C  
180;17/05/2008;12:14:44;28;WBGT Temp C;17.4;%RH C      ;41.3;TA Temp C  ;42.7;TG Temp C  ;21.8;WET Temp C ;11.7;DP Temp C  
181;17/05/2008;12:15:44;28.2;WBGT Temp C;17.6;%RH C      ;41.7;TA Temp C  ;42.9;TG Temp C  ;22;WET Temp C ;12.1;DP Temp C  
182;17/05/2008;12:16:44;28.3;WBGT Temp C;17.5;%RH C      ;41.5;TA Temp C  ;43.3;TG Temp C  ;21.9;WET Temp C ;11.9;DP Temp C  
183;17/05/2008;12:17:44;28.1;WBGT Temp C;17;%RH C      ;41.4;TA Temp C  ;43.4;TG Temp C  ;21.6;WET Temp C ;11.4;DP Temp C  
184;17/05/2008;12:18:44;28.3;WBGT Temp C;17.2;%RH C      ;41.7;TA Temp C  ;43.5;TG Temp C  ;21.9;WET Temp C ;11.9;DP Temp C  
185;17/05/2008;12:19:44;28.5;WBGT Temp C;17.2;%RH C      ;42;TA Temp C  ;43.7;TG Temp C  ;22.1;WET Temp C ;12.1;DP Temp C  
186;17/05/2008;12:20:44;28.4;WBGT Temp C;17;%RH C      ;41.9;TA Temp C  ;43.7;TG Temp C  ;21.9;WET Temp C ;11.8;DP Temp C  
187;17/05/2008;12:21:44;28.3;WBGT Temp C;17.2;%RH C      ;41.8;TA Temp C  ;43.4;TG Temp C  ;21.9;WET Temp C ;11.9;DP Temp C  
188;17/05/2008;12:22:44;28.2;WBGT Temp C;17.2;%RH C      ;41.7;TA Temp C  ;43.1;TG Temp C  ;21.9;WET Temp C ;11.9;DP Temp C  
189;17/05/2008;12:23:44;28.3;WBGT Temp C;16.8;%RH C      ;41.9;TA Temp C  ;43.3;TG Temp C  ;21.9;WET Temp C ;11.7;DP Temp C  
190;17/05/2008;12:24:44;28.4;WBGT Temp C;16.8;%RH C      ;42.2;TA Temp C  ;43.6;TG Temp C  ;22;WET Temp C ;11.8;DP Temp C  
191;17/05/2008;12:25:44;28.5;WBGT Temp C;16.9;%RH C      ;42.3;TA Temp C  ;43.7;TG Temp C  ;22.1;WET Temp C ;12;DP Temp C  
192;17/05/2008;12:26:44;28.8;WBGT Temp C;16.9;%RH C      ;42.6;TA Temp C  ;44;TG Temp C  ;22.3;WET Temp C ;12.2;DP Temp C  
193;17/05/2008;12:27:44;28.3;WBGT Temp C;16.2;%RH C      ;42;TA Temp C  ;44;TG Temp C  ;21.7;WET Temp C ;11.1;DP Temp C  
194;17/05/2008;12:28:44;28.5;WBGT Temp C;16.2;%RH C      ;42.2;TA Temp C  ;44.1;TG Temp C  ;21.9;WET Temp C ;11.4;DP Temp C  
195;17/05/2008;12:29:44;28.5;WBGT Temp C;15.6;%RH C      ;42.5;TA Temp C  ;44.4;TG Temp C  ;21.8;WET Temp C ;11;DP Temp C  
196;17/05/2008;12:30:44;28.6;WBGT Temp C;15.6;%RH C      ;42.5;TA Temp C  ;44.5;TG Temp C  ;21.8;WET Temp C ;11;DP Temp C  
197;17/05/2008;12:31:44;28.5;WBGT Temp C;15.5;%RH C      ;42.3;TA Temp C  ;44.5;TG Temp C  ;21.7;WET Temp C ;10.8;DP Temp C  
198;17/05/2008;12:32:44;28.7;WBGT Temp C;16.2;%RH C      ;42.6;TA Temp C  ;44.5;TG Temp C  ;22;WET Temp C ;11.6;DP Temp C  
199;17/05/2008;12:33:44;28.5;WBGT Temp C;16.1;%RH C      ;42.4;TA Temp C  ;44.2;TG Temp C  ;21.9;WET Temp C ;11.3;DP Temp C  
200;17/05/2008;12:34:44;28.6;WBGT Temp C;16.7;%RH C      ;42.4;TA Temp C  ;43.9;TG Temp C  ;22.1;WET Temp C ;11.9;DP Temp C  
201;17/05/2008;12:35:44;28.5;WBGT Temp C;15.8;%RH C      ;42.6;TA Temp C  ;44.1;TG Temp C  ;21.9;WET Temp C ;11.2;DP Temp C  
202;17/05/2008;12:36:44;28.3;WBGT Temp C;15.9;%RH C      ;42.1;TA Temp C  ;44.2;TG Temp C  ;21.6;WET Temp C ;10.9;DP Temp C  
203;17/05/2008;12:37:44;28.6;WBGT Temp C;16.7;%RH C      ;42.2;TA Temp C  ;44.2;TG Temp C  ;22;WET Temp C ;11.7;DP Temp C  
204;17/05/2008;12:38:44;28.5;WBGT Temp C;16.5;%RH C      ;42.3;TA Temp C  ;43.9;TG Temp C  ;22;WET Temp C ;11.7;DP Temp C  
205;17/05/2008;12:39:44;28.3;WBGT Temp C;16.4;%RH C      ;42.1;TA Temp C  ;43.7;TG Temp C  ;21.8;WET Temp C ;11.4;DP Temp C  
206;17/05/2008;12:40:44;28.7;WBGT Temp C;17.4;%RH C      ;42.3;TA Temp C  ;43.7;TG Temp C  ;22.4;WET Temp C ;12.5;DP Temp C  
207;17/05/2008;12:41:44;28.8;WBGT Temp C;16.6;%RH C      ;42.8;TA Temp C  ;44.2;TG Temp C  ;22.3;WET Temp C ;12.1;DP Temp C  
208;17/05/2008;12:42:44;28.4;WBGT Temp C;16;%RH C      ;42.2;TA Temp C  ;44.1;TG Temp C  ;21.8;WET Temp C ;11.2;DP Temp C  
209;17/05/2008;12:43:44;28.5;WBGT Temp C;16.5;%RH C      ;42.3;TA Temp C  ;43.9;TG Temp C  ;22;WET Temp C ;11.6;DP Temp C  
210;17/05/2008;12:44:44;28.3;WBGT Temp C;16.3;%RH C      ;42.1;TA Temp C  ;43.6;TG Temp C  ;21.8;WET Temp C ;11.3;DP Temp C  
211;17/05/2008;12:45:44;28.5;WBGT Temp C;16.5;%RH C      ;42.4;TA Temp C  ;43.6;TG Temp C  ;22.1;WET Temp C ;11.8;DP Temp C  
212;17/05/2008;12:46:44;28.5;WBGT Temp C;16.5;%RH C      ;42.5;TA Temp C  ;43.7;TG Temp C  ;22.1;WET Temp C ;11.8;DP Temp C  
213;17/05/2008;12:47:44;28.5;WBGT Temp C;16.2;%RH C      ;42.4;TA Temp C  ;43.9;TG Temp C  ;21.9;WET Temp C ;11.4;DP Temp C  
214;17/05/2008;12:48:44;28.7;WBGT Temp C;16.8;%RH C      ;42.2;TA Temp C  ;44.1;TG Temp C  ;22.1;WET Temp C ;11.9;DP Temp C  
215;17/05/2008;12:49:44;28.6;WBGT Temp C;16.2;%RH C      ;42.4;TA Temp C  ;44.3;TG Temp C  ;21.9;WET Temp C ;11.4;DP Temp C  
216;17/05/2008;12:50:44;28.8;WBGT Temp C;16.5;%RH C      ;42.7;TA Temp C  ;44.5;TG Temp C  ;22.2;WET Temp C ;12;DP Temp C  
217;17/05/2008;12:51:44;29;WBGT Temp C;16.4;%RH C      ;43;TA Temp C  ;44.7;TG Temp C  ;22.4;WET Temp C ;12.1;DP Temp C  
218;17/05/2008;12:52:44;28.8;WBGT Temp C;15.8;%RH C      ;42.8;TA Temp C  ;44.7;TG Temp C  ;22;WET Temp C ;11.4;DP Temp C  
219;17/05/2008;12:53:44;28.6;WBGT Temp C;15.9;%RH C      ;42.7;TA Temp C  ;44.3;TG Temp C  ;22;WET Temp C ;11.4;DP Temp C  
220;17/05/2008;12:54:44;28.4;WBGT Temp C;15.8;%RH C      ;42.5;TA Temp C  ;44;TG Temp C  ;21.8;WET Temp C ;11.1;DP Temp C  
221;17/05/2008;12:55:44;28.5;WBGT Temp C;15.8;%RH C      ;42.6;TA Temp C  ;44;TG Temp C  ;21.9;WET Temp C ;11.2;DP Temp C  
222;17/05/2008;12:56:44;28.3;WBGT Temp C;16.1;%RH C      ;42;TA Temp C  ;43.7;TG Temp C  ;21.7;WET Temp C ;11;DP Temp C  
223;17/05/2008;12:57:44;28.2;WBGT Temp C;16.2;%RH C      ;42.1;TA Temp C  ;43.4;TG Temp C  ;21.8;WET Temp C ;11.2;DP Temp C  
224;17/05/2008;12:58:44;28.3;WBGT Temp C;16.5;%RH C      ;42;TA Temp C  ;43.3;TG Temp C  ;21.9;WET Temp C ;11.5;DP Temp C  
225;17/05/2008;12:59:44;28.1;WBGT Temp C;16.1;%RH C      ;42;TA Temp C  ;43.3;TG Temp C  ;21.7;WET Temp C ;11;DP Temp C  
226;17/05/2008;13:00:44;28.1;WBGT Temp C;16.5;%RH C      ;41.5;TA Temp C  ;43.5;TG Temp C  ;21.5;WET Temp C ;11;DP Temp C  
227;17/05/2008;13:01:44;28.2;WBGT Temp C;16.5;%RH C      ;41.7;TA Temp C  ;43.6;TG Temp C  ;21.6;WET Temp C ;11.2;DP Temp C  
228;17/05/2008;13:02:44;28.4;WBGT Temp C;16.4;%RH C      ;42.1;TA Temp C  ;43.8;TG Temp C  ;21.8;WET Temp C ;11.4;DP Temp C  
229;17/05/2008;13:03:44;28.3;WBGT Temp C;16;%RH C      ;42.2;TA Temp C  ;43.9;TG Temp C  ;21.7;WET Temp C ;11.1;DP Temp C  
230;17/05/2008;13:04:44;28.5;WBGT Temp C;16.4;%RH C      ;42.2;TA Temp C  ;43.9;TG Temp C  ;21.9;WET Temp C ;11.5;DP Temp C  
231;17/05/2008;13:05:44;28.2;WBGT Temp C;15.6;%RH C      ;42.2;TA Temp C  ;43.8;TG Temp C  ;21.6;WET Temp C ;10.7;DP Temp C  
232;17/05/2008;13:06:44;28.4;WBGT Temp C;15.7;%RH C      ;42.5;TA Temp C  ;43.8;TG Temp C  ;21.8;WET Temp C ;11;DP Temp C  
233;17/05/2008;13:07:44;28.7;WBGT Temp C;15.6;%RH C      ;43;TA Temp C  ;44.1;TG Temp C  ;22.1;WET Temp C ;11.4;DP Temp C  
234;17/05/2008;13:08:44;28.6;WBGT Temp C;15.1;%RH C      ;43;TA Temp C  ;44.5;TG Temp C  ;21.9;WET Temp C ;10.9;DP Temp C  
235;17/05/2008;13:09:44;28.6;WBGT Temp C;15;%RH C      ;42.9;TA Temp C  ;44.6;TG Temp C  ;21.8;WET Temp C ;10.7;DP Temp C  
236;17/05/2008;13:10:44;28.7;WBGT Temp C;15;%RH C      ;43;TA Temp C  ;44.8;TG Temp C  ;21.8;WET Temp C ;10.8;DP Temp C  
237;17/05/2008;13:11:44;28.9;WBGT Temp C;15.5;%RH C      ;43.1;TA Temp C  ;44.9;TG Temp C  ;22.1;WET Temp C ;11.3;DP Temp C  
238;17/05/2008;13:12:44;28.7;WBGT Temp C;15.2;%RH C      ;42.9;TA Temp C  ;44.8;TG Temp C  ;21.8;WET Temp C ;10.9;DP Temp C  
239;17/05/2008;13:13:44;28.9;WBGT Temp C;15.5;%RH C      ;43;TA Temp C  ;45;TG Temp C  ;22.1;WET Temp C ;11.3;DP Temp C  
240;17/05/2008;13:14:44;29.3;WBGT Temp C;15.6;%RH C      ;43.5;TA Temp C  ;45.4;TG Temp C  ;22.4;WET Temp C ;11.8;DP Temp C  
241;17/05/2008;13:15:44;29.3;WBGT Temp C;15.2;%RH C      ;43.9;TA Temp C  ;45.4;TG Temp C  ;22.4;WET Temp C ;11.7;DP Temp C  
242;17/05/2008;13:16:44;29.3;WBGT Temp C;15.4;%RH C      ;43.7;TA Temp C  ;45.4;TG Temp C  ;22.4;WET Temp C ;11.8;DP Temp C  
243;17/05/2008;13:17:44;29;WBGT Temp C;15.3;%RH C      ;43.3;TA Temp C  ;45.1;TG Temp C  ;22.2;WET Temp C ;11.4;DP Temp C  
244;17/05/2008;13:18:44;28.9;WBGT Temp C;15.3;%RH C      ;43.1;TA Temp C  ;44.8;TG Temp C  ;22.1;WET Temp C ;11.2;DP Temp C  
245;17/05/2008;13:19:44;28.6;WBGT Temp C;15;%RH C      ;43.2;TA Temp C  ;44.5;TG Temp C  ;21.9;WET Temp C ;10.9;DP Temp C  
246;17/05/2008;13:20:44;28.5;WBGT Temp C;15.8;%RH C      ;42.3;TA Temp C  ;44.6;TG Temp C  ;21.7;WET Temp C ;11;DP Temp C  
247;17/05/2008;13:21:44;28.7;WBGT Temp C;15.7;%RH C      ;42.7;TA Temp C  ;44.7;TG Temp C  ;22;WET Temp C ;11.3;DP Temp C  
248;17/05/2008;13:22:44;28.7;WBGT Temp C;15.1;%RH C      ;43;TA Temp C  ;44.8;TG Temp C  ;21.9;WET Temp C ;10.9;DP Temp C  
249;17/05/2008;13:23:44;28.8;WBGT Temp C;15.5;%RH C      ;42.8;TA Temp C  ;45;TG Temp C  ;22;WET Temp C ;11.2;DP Temp C  
250;17/05/2008;13:24:44;28.6;WBGT Temp C;15.4;%RH C      ;42.6;TA Temp C  ;44.7;TG Temp C  ;21.7;WET Temp C ;10.8;DP Temp C  
251;17/05/2008;13:25:44;28.7;WBGT Temp C;15.4;%RH C      ;42.9;TA Temp C  ;44.5;TG Temp C  ;22;WET Temp C ;11.2;DP Temp C  
252;17/05/2008;13:26:44;28.5;WBGT Temp C;15.4;%RH C      ;42.6;TA Temp C  ;44.5;TG Temp C  ;21.7;WET Temp C ;10.8;DP Temp C  
253;17/05/2008;13:27:44;28.3;WBGT Temp C;15.5;%RH C      ;42.3;TA Temp C  ;44.2;TG Temp C  ;21.6;WET Temp C ;10.6;DP Temp C  
254;17/05/2008;13:28:44;28.4;WBGT Temp C;16.1;%RH C      ;42;TA Temp C  ;44.2;TG Temp C  ;21.7;WET Temp C ;11.1;DP Temp C  
255;17/05/2008;13:29:44;28.2;WBGT Temp C;15.7;%RH C      ;42;TA Temp C  ;44;TG Temp C  ;21.5;WET Temp C ;10.7;DP Temp C  
256;17/05/2008;13:30:44;28.2;WBGT Temp C;16;%RH C      ;42.1;TA Temp C  ;43.6;TG Temp C  ;21.7;WET Temp C ;11.1;DP Temp C  
257;17/05/2008;13:31:44;28.2;WBGT Temp C;15.8;%RH C      ;42.2;TA Temp C  ;43.6;TG Temp C  ;21.7;WET Temp C ;10.9;DP Temp C  
258;17/05/2008;13:32:44;28.2;WBGT Temp C;15.4;%RH C      ;42.6;TA Temp C  ;43.5;TG Temp C  ;21.7;WET Temp C ;10.8;DP Temp C  
259;17/05/2008;13:33:44;27.8;WBGT Temp C;15.9;%RH C      ;41.6;TA Temp C  ;43.2;TG Temp C  ;21.3;WET Temp C ;10.5;DP Temp C  
260;17/05/2008;13:34:44;27.9;WBGT Temp C;15.8;%RH C      ;42;TA Temp C  ;43;TG Temp C  ;21.5;WET Temp C ;10.7;DP Temp C  
261;17/05/2008;13:35:44;28;WBGT Temp C;15.4;%RH C      ;42.2;TA Temp C  ;43.2;TG Temp C  ;21.5;WET Temp C ;10.5;DP Temp C  
262;17/05/2008;13:36:44;28.1;WBGT Temp C;15.2;%RH C      ;42.3;TA Temp C  ;43.8;TG Temp C  ;21.4;WET Temp C ;10.3;DP Temp C  
263;17/05/2008;13:37:44;28.5;WBGT Temp C;15.6;%RH C      ;42.3;TA Temp C  ;44.4;TG Temp C  ;21.7;WET Temp C ;10.9;DP Temp C  
264;17/05/2008;13:38:44;28.5;WBGT Temp C;15.5;%RH C      ;42.1;TA Temp C  ;44.6;TG Temp C  ;21.6;WET Temp C ;10.6;DP Temp C  
265;17/05/2008;13:39:44;28.6;WBGT Temp C;15.3;%RH C      ;42.7;TA Temp C  ;44.7;TG Temp C  ;21.8;WET Temp C ;10.8;DP Temp C  
266;17/05/2008;13:40:44;28.8;WBGT Temp C;15.4;%RH C      ;42.8;TA Temp C  ;44.9;TG Temp C  ;21.9;WET Temp C ;11.1;DP Temp C  
267;17/05/2008;13:41:44;28.6;WBGT Temp C;14.9;%RH C      ;42.9;TA Temp C  ;45;TG Temp C  ;21.7;WET Temp C ;10.6;DP Temp C  
268;17/05/2008;13:42:44;28.5;WBGT Temp C;15.1;%RH C      ;42.4;TA Temp C  ;45.1;TG Temp C  ;21.6;WET Temp C ;10.5;DP Temp C  
269;17/05/2008;13:43:44;28.7;WBGT Temp C;15.2;%RH C      ;42.7;TA Temp C  ;45.3;TG Temp C  ;21.7;WET Temp C ;10.7;DP Temp C  
270;17/05/2008;13:44:44;28.9;WBGT Temp C;15.4;%RH C      ;42.8;TA Temp C  ;45.4;TG Temp C  ;21.9;WET Temp C ;11.1;DP Temp C  
271;17/05/2008;13:45:44;29;WBGT Temp C;14.9;%RH C      ;43.4;TA Temp C  ;45.6;TG Temp C  ;22;WET Temp C ;11;DP Temp C  
272;17/05/2008;13:46:44;29.2;WBGT Temp C;14.9;%RH C      ;43.5;TA Temp C  ;45.8;TG Temp C  ;22.1;WET Temp C ;11;DP Temp C  
273;17/05/2008;13:47:44;28.8;WBGT Temp C;14.7;%RH C      ;42.8;TA Temp C  ;45.8;TG Temp C  ;21.6;WET Temp C ;10.3;DP Temp C  
274;17/05/2008;13:48:44;28.7;WBGT Temp C;15.3;%RH C      ;42.4;TA Temp C  ;45.5;TG Temp C  ;21.6;WET Temp C ;10.6;DP Temp C  
275;17/05/2008;13:49:44;28.8;WBGT Temp C;15;%RH C      ;42.9;TA Temp C  ;45.4;TG Temp C  ;21.8;WET Temp C ;10.8;DP Temp C  
276;17/05/2008;13:50:44;28.8;WBGT Temp C;14.8;%RH C      ;43;TA Temp C  ;45.4;TG Temp C  ;21.8;WET Temp C ;10.6;DP Temp C  
277;17/05/2008;13:51:44;28.8;WBGT Temp C;15.1;%RH C      ;43;TA Temp C  ;44.8;TG Temp C  ;21.9;WET Temp C ;10.9;DP Temp C  
278;17/05/2008;13:52:44;29;WBGT Temp C;15.1;%RH C      ;43.5;TA Temp C  ;45;TG Temp C  ;22.2;WET Temp C ;11.3;DP Temp C  
279;17/05/2008;13:53:44;29.3;WBGT Temp C;14.9;%RH C      ;43.9;TA Temp C  ;45.5;TG Temp C  ;22.4;WET Temp C ;11.4;DP Temp C  
280;17/05/2008;13:54:44;29.1;WBGT Temp C;14.3;%RH C      ;43.8;TA Temp C  ;45.7;TG Temp C  ;22.1;WET Temp C ;10.7;DP Temp C  
281;17/05/2008;13:55:44;29.2;WBGT Temp C;14.5;%RH C      ;43.8;TA Temp C  ;45.9;TG Temp C  ;22.1;WET Temp C ;10.9;DP Temp C  
282;17/05/2008;13:56:44;28.9;WBGT Temp C;13.8;%RH C      ;43.6;TA Temp C  ;45.8;TG Temp C  ;21.7;WET Temp C ;10;DP Temp C  
283;17/05/2008;13:57:44;29.1;WBGT Temp C;14.1;%RH C      ;44;TA Temp C  ;45.7;TG Temp C  ;22;WET Temp C ;10.6;DP Temp C  
284;17/05/2008;13:58:44;29.2;WBGT Temp C;14.1;%RH C      ;44;TA Temp C  ;46;TG Temp C  ;22.1;WET Temp C ;10.7;DP Temp C  
285;17/05/2008;13:59:44;29;WBGT Temp C;14;%RH C      ;43.7;TA Temp C  ;45.8;TG Temp C  ;21.8;WET Temp C ;10.3;DP Temp C  
286;17/05/2008;14:00:44;28.6;WBGT Temp C;14.3;%RH C      ;43.1;TA Temp C  ;45.1;TG Temp C  ;21.6;WET Temp C ;10.1;DP Temp C  
287;17/05/2008;14:01:44;28.7;WBGT Temp C;14.5;%RH C      ;43.4;TA Temp C  ;44.8;TG Temp C  ;21.9;WET Temp C ;10.6;DP Temp C  
288;17/05/2008;14:02:44;28.8;WBGT Temp C;14.7;%RH C      ;43.4;TA Temp C  ;44.9;TG Temp C  ;21.9;WET Temp C ;10.8;DP Temp C  
289;17/05/2008;14:03:44;28.6;WBGT Temp C;14.1;%RH C      ;43.4;TA Temp C  ;44.9;TG Temp C  ;21.7;WET Temp C ;10.1;DP Temp C  
290;17/05/2008;14:04:44;28.9;WBGT Temp C;14.7;%RH C      ;43.6;TA Temp C  ;45;TG Temp C  ;22.1;WET Temp C ;11;DP Temp C  
291;17/05/2008;14:05:44;29.3;WBGT Temp C;14.8;%RH C      ;44.1;TA Temp C  ;45.5;TG Temp C  ;22.4;WET Temp C ;11.4;DP Temp C  
292;17/05/2008;14:06:44;29.1;WBGT Temp C;14.3;%RH C      ;43.7;TA Temp C  ;45.7;TG Temp C  ;22;WET Temp C ;10.6;DP Temp C  
293;17/05/2008;14:07:44;29;WBGT Temp C;14.2;%RH C      ;43.7;TA Temp C  ;45.7;TG Temp C  ;21.9;WET Temp C ;10.5;DP Temp C  
294;17/05/2008;14:08:44;28.9;WBGT Temp C;14.2;%RH C      ;43.6;TA Temp C  ;45.4;TG Temp C  ;21.9;WET Temp C ;10.4;DP Temp C  
295;17/05/2008;14:09:44;28.6;WBGT Temp C;14.2;%RH C      ;43.2;TA Temp C  ;45.2;TG Temp C  ;21.6;WET Temp C ;10.1;DP Temp C  
296;17/05/2008;14:10:44;28.5;WBGT Temp C;14.1;%RH C      ;43.1;TA Temp C  ;44.9;TG Temp C  ;21.5;WET Temp C ;9.9;DP Temp C  
297;17/05/2008;14:11:44;28.5;WBGT Temp C;14.2;%RH C      ;43.1;TA Temp C  ;44.6;TG Temp C  ;21.6;WET Temp C ;10.1;DP Temp C  
298;17/05/2008;14:12:44;28.6;WBGT Temp C;14.3;%RH C      ;43.2;TA Temp C  ;44.8;TG Temp C  ;21.7;WET Temp C ;10.2;DP Temp C  
299;17/05/2008;14:13:44;28.7;WBGT Temp C;14;%RH C      ;43.6;TA Temp C  ;44.9;TG Temp C  ;21.8;WET Temp C ;10.2;DP Temp C  
300;17/05/2008;14:14:44;28.8;WBGT Temp C;13.4;%RH C      ;43.9;TA Temp C  ;45.4;TG Temp C  ;21.8;WET Temp C ;9.8;DP Temp C  
301;17/05/2008;14:15:44;29.1;WBGT Temp C;13.5;%RH C      ;44;TA Temp C  ;45.9;TG Temp C  ;21.9;WET Temp C ;10;DP Temp C  
302;17/05/2008;14:16:44;28.9;WBGT Temp C;13.2;%RH C      ;43.8;TA Temp C  ;46.1;TG Temp C  ;21.6;WET Temp C ;9.5;DP Temp C  
303;17/05/2008;14:17:44;29.2;WBGT Temp C;14.3;%RH C      ;43.8;TA Temp C  ;46;TG Temp C  ;22.1;WET Temp C ;10.7;DP Temp C  
304;17/05/2008;14:18:44;29.2;WBGT Temp C;13.8;%RH C      ;44.1;TA Temp C  ;46.1;TG Temp C  ;22;WET Temp C ;10.4;DP Temp C  
305;17/05/2008;14:19:44;29.1;WBGT Temp C;13.6;%RH C      ;44;TA Temp C  ;46.2;TG Temp C  ;21.8;WET Temp C ;10.1;DP Temp C  
306;17/05/2008;14:20:44;28.9;WBGT Temp C;13.6;%RH C      ;43.7;TA Temp C  ;45.9;TG Temp C  ;21.7;WET Temp C ;9.9;DP Temp C  
307;17/05/2008;14:21:44;28.8;WBGT Temp C;14;%RH C      ;43.4;TA Temp C  ;45.5;TG Temp C  ;21.7;WET Temp C ;10;DP Temp C  
308;17/05/2008;14:22:44;28.7;WBGT Temp C;14.3;%RH C      ;43.4;TA Temp C  ;45;TG Temp C  ;21.8;WET Temp C ;10.4;DP Temp C  
309;17/05/2008;14:23:44;29.1;WBGT Temp C;15;%RH C      ;43.8;TA Temp C  ;45.1;TG Temp C  ;22.3;WET Temp C ;11.4;DP Temp C  
310;17/05/2008;14:24:44;28.9;WBGT Temp C;14.2;%RH C      ;43.8;TA Temp C  ;45.2;TG Temp C  ;22;WET Temp C ;10.6;DP Temp C  
311;17/05/2008;14:25:44;28.8;WBGT Temp C;14.3;%RH C      ;43.5;TA Temp C  ;45.3;TG Temp C  ;21.8;WET Temp C ;10.4;DP Temp C  
312;17/05/2008;14:26:44;28.8;WBGT Temp C;14.3;%RH C      ;43.5;TA Temp C  ;45.2;TG Temp C  ;21.8;WET Temp C ;10.4;DP Temp C  
313;17/05/2008;14:27:44;28.6;WBGT Temp C;14.2;%RH C      ;43.4;TA Temp C  ;44.9;TG Temp C  ;21.7;WET Temp C ;10.2;DP Temp C  
314;17/05/2008;14:28:44;28.9;WBGT Temp C;14.3;%RH C      ;43.6;TA Temp C  ;45;TG Temp C  ;22;WET Temp C ;10.6;DP Temp C  
315;17/05/2008;14:29:44;28.8;WBGT Temp C;14.2;%RH C      ;43.6;TA Temp C  ;45;TG Temp C  ;21.9;WET Temp C ;10.5;DP Temp C  
316;17/05/2008;14:30:44;28.8;WBGT Temp C;14.1;%RH C      ;43.7;TA Temp C  ;45.2;TG Temp C  ;21.9;WET Temp C ;10.5;DP Temp C  
317;17/05/2008;14:31:44;28.8;WBGT Temp C;14.2;%RH C      ;43.5;TA Temp C  ;45.3;TG Temp C  ;21.8;WET Temp C ;10.3;DP Temp C  
318;17/05/2008;14:32:44;28.6;WBGT Temp C;14.3;%RH C      ;43.2;TA Temp C  ;45;TG Temp C  ;21.7;WET Temp C ;10.3;DP Temp C  
319;17/05/2008;14:33:44;28.7;WBGT Temp C;14.3;%RH C      ;43.4;TA Temp C  ;44.9;TG Temp C  ;21.8;WET Temp C ;10.4;DP Temp C  
320;17/05/2008;14:34:44;28.5;WBGT Temp C;14.3;%RH C      ;43.1;TA Temp C  ;44.7;TG Temp C  ;21.6;WET Temp C ;10.1;DP Temp C  
321;17/05/2008;14:35:44;28.5;WBGT Temp C;14.3;%RH C      ;43.1;TA Temp C  ;44.4;TG Temp C  ;21.7;WET Temp C ;10.2;DP Temp C  
322;17/05/2008;14:36:44;28.4;WBGT Temp C;14.5;%RH C      ;43.1;TA Temp C  ;44.2;TG Temp C  ;21.7;WET Temp C ;10.3;DP Temp C  
323;17/05/2008;14:37:44;28.4;WBGT Temp C;14.6;%RH C      ;43;TA Temp C  ;44.1;TG Temp C  ;21.7;WET Temp C ;10.4;DP Temp C  
324;17/05/2008;14:38:44;28.4;WBGT Temp C;14.3;%RH C      ;43.4;TA Temp C  ;44.3;TG Temp C  ;21.7;WET Temp C ;10.3;DP Temp C  
325;17/05/2008;14:39:44;28.6;WBGT Temp C;14.2;%RH C      ;43.4;TA Temp C  ;44.7;TG Temp C  ;21.8;WET Temp C ;10.3;DP Temp C  
326;17/05/2008;14:40:44;28.8;WBGT Temp C;14.1;%RH C      ;43.7;TA Temp C  ;45.1;TG Temp C  ;21.9;WET Temp C ;10.4;DP Temp C  
327;17/05/2008;14:41:44;28.6;WBGT Temp C;13.8;%RH C      ;43.2;TA Temp C  ;45.2;TG Temp C  ;21.5;WET Temp C ;9.7;DP Temp C  
328;17/05/2008;14:42:44;28.5;WBGT Temp C;13.6;%RH C      ;43.3;TA Temp C  ;44.9;TG Temp C  ;21.5;WET Temp C ;9.6;DP Temp C  
329;17/05/2008;14:43:44;28.5;WBGT Temp C;13.5;%RH C      ;43.5;TA Temp C  ;44.9;TG Temp C  ;21.6;WET Temp C ;9.6;DP Temp C  
330;17/05/2008;14:44:44;28.4;WBGT Temp C;13.2;%RH C      ;43.4;TA Temp C  ;45;TG Temp C  ;21.4;WET Temp C ;9.2;DP Temp C  
331;17/05/2008;14:45:44;28.7;WBGT Temp C;13.5;%RH C      ;43.6;TA Temp C  ;45.3;TG Temp C  ;21.6;WET Temp C ;9.6;DP Temp C  
332;17/05/2008;14:46:44;28.8;WBGT Temp C;13.3;%RH C      ;43.7;TA Temp C  ;45.8;TG Temp C  ;21.6;WET Temp C ;9.6;DP Temp C  
333;17/05/2008;14:47:44;29;WBGT Temp C;13.4;%RH C      ;43.8;TA Temp C  ;46.2;TG Temp C  ;21.7;WET Temp C ;9.8;DP Temp C  
334;17/05/2008;14:48:44;29.1;WBGT Temp C;13;%RH C      ;44.1;TA Temp C  ;46.5;TG Temp C  ;21.7;WET Temp C ;9.5;DP Temp C  
335;17/05/2008;14:49:44;29.1;WBGT Temp C;13;%RH C      ;44.1;TA Temp C  ;46.5;TG Temp C  ;21.7;WET Temp C ;9.5;DP Temp C  
336;17/05/2008;14:50:44;29.2;WBGT Temp C;13;%RH C      ;44.3;TA Temp C  ;46.7;TG Temp C  ;21.8;WET Temp C ;9.6;DP Temp C  
337;17/05/2008;14:51:44;29;WBGT Temp C;13.2;%RH C      ;44.1;TA Temp C  ;46.2;TG Temp C  ;21.7;WET Temp C ;9.7;DP Temp C  
338;17/05/2008;14:52:44;28.9;WBGT Temp C;12.8;%RH C      ;44.2;TA Temp C  ;46;TG Temp C  ;21.6;WET Temp C ;9.3;DP Temp C  
339;17/05/2008;14:53:44;29;WBGT Temp C;13;%RH C      ;44;TA Temp C  ;46.4;TG Temp C  ;21.6;WET Temp C ;9.4;DP Temp C  
340;17/05/2008;14:54:44;29.2;WBGT Temp C;13.1;%RH C      ;44.3;TA Temp C  ;46.4;TG Temp C  ;21.9;WET Temp C ;9.8;DP Temp C  
341;17/05/2008;14:55:44;29.4;WBGT Temp C;12.8;%RH C      ;44.9;TA Temp C  ;46.7;TG Temp C  ;22;WET Temp C ;9.9;DP Temp C  
342;17/05/2008;14:56:44;29.4;WBGT Temp C;13;%RH C      ;44.8;TA Temp C  ;46.7;TG Temp C  ;22;WET Temp C ;10;DP Temp C  
343;17/05/2008;14:57:44;29.3;WBGT Temp C;12.7;%RH C      ;44.8;TA Temp C  ;46.6;TG Temp C  ;21.9;WET Temp C ;9.7;DP Temp C  
344;17/05/2008;14:58:44;29;WBGT Temp C;12.7;%RH C      ;44.4;TA Temp C  ;46.3;TG Temp C  ;21.7;WET Temp C ;9.4;DP Temp C  
345;17/05/2008;14:59:44;28.7;WBGT Temp C;13;%RH C      ;43.8;TA Temp C  ;45.7;TG Temp C  ;21.5;WET Temp C ;9.2;DP Temp C  
346;17/05/2008;15:00:44;28.5;WBGT Temp C;13.1;%RH C      ;43.5;TA Temp C  ;45.3;TG Temp C  ;21.4;WET Temp C ;9.1;DP Temp C  
347;17/05/2008;15:01:44;28.6;WBGT Temp C;13;%RH C      ;43.9;TA Temp C  ;45.3;TG Temp C  ;21.5;WET Temp C ;9.3;DP Temp C  
348;17/05/2008;15:02:44;28.6;WBGT Temp C;12.8;%RH C      ;43.8;TA Temp C  ;45.6;TG Temp C  ;21.4;WET Temp C ;9;DP Temp C  
349;17/05/2008;15:03:44;28.8;WBGT Temp C;12.8;%RH C      ;44.1;TA Temp C  ;45.9;TG Temp C  ;21.6;WET Temp C ;9.2;DP Temp C  
350;17/05/2008;15:04:44;28.8;WBGT Temp C;12.8;%RH C      ;44.1;TA Temp C  ;45.9;TG Temp C  ;21.6;WET Temp C ;9.2;DP Temp C  
351;17/05/2008;15:05:44;28.8;WBGT Temp C;12.7;%RH C      ;43.9;TA Temp C  ;46.1;TG Temp C  ;21.4;WET Temp C ;9;DP Temp C  
352;17/05/2008;15:06:44;28.9;WBGT Temp C;13;%RH C      ;43.7;TA Temp C  ;46.3;TG Temp C  ;21.5;WET Temp C ;9.2;DP Temp C  
353;17/05/2008;15:07:44;29;WBGT Temp C;12.7;%RH C      ;44;TA Temp C  ;46.6;TG Temp C  ;21.5;WET Temp C ;9;DP Temp C  
354;17/05/2008;15:08:44;29.1;WBGT Temp C;12.6;%RH C      ;44.2;TA Temp C  ;46.9;TG Temp C  ;21.6;WET Temp C ;9.2;DP Temp C  
355;17/05/2008;15:09:44;29.4;WBGT Temp C;12.5;%RH C      ;44.8;TA Temp C  ;47.2;TG Temp C  ;21.8;WET Temp C ;9.4;DP Temp C  
356;17/05/2008;15:10:44;29.4;WBGT Temp C;12.5;%RH C      ;44.8;TA Temp C  ;47.4;TG Temp C  ;21.8;WET Temp C ;9.4;DP Temp C  
357;17/05/2008;15:11:44;28.9;WBGT Temp C;12;%RH C      ;44.2;TA Temp C  ;47;TG Temp C  ;21.2;WET Temp C ;8.3;DP Temp C  
358;17/05/2008;15:12:44;28.8;WBGT Temp C;12.4;%RH C      ;43.9;TA Temp C  ;46.1;TG Temp C  ;21.4;WET Temp C ;8.7;DP Temp C  
359;17/05/2008;15:13:44;28.6;WBGT Temp C;12.3;%RH C      ;43.8;TA Temp C  ;45.9;TG Temp C  ;21.3;WET Temp C ;8.5;DP Temp C  
360;17/05/2008;15:14:44;28.7;WBGT Temp C;12.2;%RH C      ;44.1;TA Temp C  ;46;TG Temp C  ;21.4;WET Temp C ;8.6;DP Temp C  
361;17/05/2008;15:15:44;28.7;WBGT Temp C;12.2;%RH C      ;44.3;TA Temp C  ;46;TG Temp C  ;21.4;WET Temp C ;8.7;DP Temp C  
362;17/05/2008;15:16:44;28.7;WBGT Temp C;12.9;%RH C      ;43.4;TA Temp C  ;46.2;TG Temp C  ;21.3;WET Temp C ;8.9;DP Temp C  
363;17/05/2008;15:17:44;29;WBGT Temp C;12.9;%RH C      ;43.9;TA Temp C  ;46.4;TG Temp C  ;21.6;WET Temp C ;9.3;DP Temp C  
364;17/05/2008;15:18:44;29.4;WBGT Temp C;12.8;%RH C      ;44.6;TA Temp C  ;47;TG Temp C  ;21.9;WET Temp C ;9.6;DP Temp C  
365;17/05/2008;15:19:44;29.2;WBGT Temp C;12.3;%RH C      ;44.6;TA Temp C  ;47.1;TG Temp C  ;21.6;WET Temp C ;9;DP Temp C  
366;17/05/2008;15:20:44;29.4;WBGT Temp C;12.5;%RH C      ;44.8;TA Temp C  ;47;TG Temp C  ;21.8;WET Temp C ;9.4;DP Temp C  
367;17/05/2008;15:21:44;29.3;WBGT Temp C;12.2;%RH C      ;44.7;TA Temp C  ;47.1;TG Temp C  ;21.7;WET Temp C ;9;DP Temp C  
368;17/05/2008;15:22:44;29.3;WBGT Temp C;12.3;%RH C      ;44.8;TA Temp C  ;47.1;TG Temp C  ;21.8;WET Temp C ;9.3;DP Temp C  
369;17/05/2008;15:23:44;29.2;WBGT Temp C;11.9;%RH C      ;44.9;TA Temp C  ;47.2;TG Temp C  ;21.6;WET Temp C ;8.8;DP Temp C  
370;17/05/2008;15:24:44;29.4;WBGT Temp C;11.9;%RH C      ;45.2;TA Temp C  ;47.2;TG Temp C  ;21.8;WET Temp C ;9;DP Temp C  
371;17/05/2008;15:25:44;29;WBGT Temp C;12;%RH C      ;44.4;TA Temp C  ;46.9;TG Temp C  ;21.4;WET Temp C ;8.5;DP Temp C  
372;17/05/2008;15:26:44;29;WBGT Temp C;11.9;%RH C      ;44.5;TA Temp C  ;46.6;TG Temp C  ;21.5;WET Temp C ;8.5;DP Temp C  
373;17/05/2008;15:27:44;29.2;WBGT Temp C;12.2;%RH C      ;44.8;TA Temp C  ;46.9;TG Temp C  ;21.7;WET Temp C ;9.1;DP Temp C  
374;17/05/2008;15:28:44;29.2;WBGT Temp C;12;%RH C      ;44.9;TA Temp C  ;46.8;TG Temp C  ;21.7;WET Temp C ;8.9;DP Temp C  
375;17/05/2008;15:29:44;29.2;WBGT Temp C;12.1;%RH C      ;44.8;TA Temp C  ;47;TG Temp C  ;21.7;WET Temp C ;9;DP Temp C  
376;17/05/2008;15:30:44;29.1;WBGT Temp C;11.9;%RH C      ;44.5;TA Temp C  ;47.1;TG Temp C  ;21.4;WET Temp C ;8.5;DP Temp C  
377;17/05/2008;15:31:44;29.2;WBGT Temp C;12.3;%RH C      ;44.5;TA Temp C  ;47.1;TG Temp C  ;21.6;WET Temp C ;9;DP Temp C  
378;17/05/2008;15:32:44;29.2;WBGT Temp C;12.5;%RH C      ;44.6;TA Temp C  ;46.7;TG Temp C  ;21.8;WET Temp C ;9.3;DP Temp C  
379;17/05/2008;15:33:44;29;WBGT Temp C;11.9;%RH C      ;44.7;TA Temp C  ;46.8;TG Temp C  ;21.5;WET Temp C ;8.6;DP Temp C  
380;17/05/2008;15:34:44;29.1;WBGT Temp C;12.1;%RH C      ;44.5;TA Temp C  ;46.6;TG Temp C  ;21.6;WET Temp C ;8.8;DP Temp C  
381;17/05/2008;15:35:44;28.8;WBGT Temp C;11.8;%RH C      ;44.2;TA Temp C  ;46.8;TG Temp C  ;21.2;WET Temp C ;8.1;DP Temp C  
382;17/05/2008;15:36:44;28.8;WBGT Temp C;12.7;%RH C      ;43.2;TA Temp C  ;46.8;TG Temp C  ;21.1;WET Temp C ;8.5;DP Temp C  
383;17/05/2008;15:37:44;28.8;WBGT Temp C;12.4;%RH C      ;43.7;TA Temp C  ;46.8;TG Temp C  ;21.2;WET Temp C ;8.5;DP Temp C  
384;17/05/2008;15:38:44;29.1;WBGT Temp C;12.2;%RH C      ;44.4;TA Temp C  ;47.1;TG Temp C  ;21.5;WET Temp C ;8.8;DP Temp C  
385;17/05/2008;15:39:44;29.3;WBGT Temp C;11.9;%RH C      ;44.8;TA Temp C  ;47.3;TG Temp C  ;21.6;WET Temp C ;8.7;DP Temp C  
386;17/05/2008;15:40:44;29.1;WBGT Temp C;12.7;%RH C      ;43.7;TA Temp C  ;47.1;TG Temp C  ;21.4;WET Temp C ;8.9;DP Temp C  
387;17/05/2008;15:41:44;29.2;WBGT Temp C;12.1;%RH C      ;44.6;TA Temp C  ;47.2;TG Temp C  ;21.6;WET Temp C ;8.9;DP Temp C  
388;17/05/2008;15:42:44;29.1;WBGT Temp C;12.1;%RH C      ;44.3;TA Temp C  ;47.3;TG Temp C  ;21.4;WET Temp C ;8.6;DP Temp C  
389;17/05/2008;15:43:44;29.2;WBGT Temp C;12.2;%RH C      ;44.4;TA Temp C  ;47.2;TG Temp C  ;21.5;WET Temp C ;8.8;DP Temp C  
390;17/05/2008;15:44:44;29;WBGT Temp C;12.2;%RH C      ;44;TA Temp C  ;47.1;TG Temp C  ;21.3;WET Temp C ;8.5;DP Temp C  
391;17/05/2008;15:45:44;29.1;WBGT Temp C;12.5;%RH C      ;44;TA Temp C  ;46.9;TG Temp C  ;21.5;WET Temp C ;8.9;DP Temp C  
392;17/05/2008;15:46:44;28.9;WBGT Temp C;12.1;%RH C      ;44.1;TA Temp C  ;46.7;TG Temp C  ;21.3;WET Temp C ;8.4;DP Temp C  
393;17/05/2008;15:47:44;28.6;WBGT Temp C;12.1;%RH C      ;43.7;TA Temp C  ;46.3;TG Temp C  ;21.1;WET Temp C ;8.1;DP Temp C  
394;17/05/2008;15:48:44;29;WBGT Temp C;13.2;%RH C      ;43.7;TA Temp C  ;46.3;TG Temp C  ;21.6;WET Temp C ;9.5;DP Temp C  
395;17/05/2008;15:49:44;29;WBGT Temp C;12.9;%RH C      ;43.8;TA Temp C  ;46.5;TG Temp C  ;21.5;WET Temp C ;9.2;DP Temp C  
396;17/05/2008;15:50:44;29.2;WBGT Temp C;12.9;%RH C      ;44.2;TA Temp C  ;46.8;TG Temp C  ;21.7;WET Temp C ;9.5;DP Temp C  
397;17/05/2008;15:51:44;29.5;WBGT Temp C;12.8;%RH C      ;44.7;TA Temp C  ;47.2;TG Temp C  ;22;WET Temp C ;9.8;DP Temp C  
398;17/05/2008;15:52:44;29.4;WBGT Temp C;13;%RH C      ;44.6;TA Temp C  ;47.2;TG Temp C  ;21.9;WET Temp C ;9.9;DP Temp C  
399;17/05/2008;15:53:44;29.2;WBGT Temp C;12.5;%RH C      ;44.3;TA Temp C  ;47;TG Temp C  ;21.6;WET Temp C ;9.1;DP Temp C  
400;17/05/2008;15:54:44;29.3;WBGT Temp C;12.7;%RH C      ;44.4;TA Temp C  ;47.1;TG Temp C  ;21.6;WET Temp C ;9.3;DP Temp C  
401;17/05/2008;15:55:44;29.5;WBGT Temp C;12.9;%RH C      ;44.6;TA Temp C  ;47.3;TG Temp C  ;21.9;WET Temp C ;9.7;DP Temp C  
402;17/05/2008;15:56:44;29.6;WBGT Temp C;12.7;%RH C      ;44.8;TA Temp C  ;47.6;TG Temp C  ;21.9;WET Temp C ;9.7;DP Temp C  
403;17/05/2008;15:57:44;29.6;WBGT Temp C;12.6;%RH C      ;44.8;TA Temp C  ;47.6;TG Temp C  ;21.9;WET Temp C ;9.5;DP Temp C  
404;17/05/2008;15:58:44;29.5;WBGT Temp C;12.6;%RH C      ;44.9;TA Temp C  ;47.4;TG Temp C  ;21.9;WET Temp C ;9.6;DP Temp C  
405;17/05/2008;15:59:44;29.7;WBGT Temp C;12.7;%RH C      ;45.1;TA Temp C  ;47.5;TG Temp C  ;22.1;WET Temp C ;9.9;DP Temp C  
406;17/05/2008;16:00:44;29.2;WBGT Temp C;12.9;%RH C      ;44.1;TA Temp C  ;46.8;TG Temp C  ;21.7;WET Temp C ;9.4;DP Temp C  
407;17/05/2008;16:01:44;29.1;WBGT Temp C;12.9;%RH C      ;44.4;TA Temp C  ;46.2;TG Temp C  ;21.8;WET Temp C ;9.6;DP Temp C  
408;17/05/2008;16:02:44;28.9;WBGT Temp C;12.6;%RH C      ;44.2;TA Temp C  ;46.1;TG Temp C  ;21.6;WET Temp C ;9.1;DP Temp C  
409;17/05/2008;16:03:44;29;WBGT Temp C;12.6;%RH C      ;44.6;TA Temp C  ;46.1;TG Temp C  ;21.8;WET Temp C ;9.4;DP Temp C  
410;17/05/2008;16:04:44;29;WBGT Temp C;12.1;%RH C      ;44.6;TA Temp C  ;46.4;TG Temp C  ;21.6;WET Temp C ;8.8;DP Temp C  
411;17/05/2008;16:05:44;29.1;WBGT Temp C;12.5;%RH C      ;44.3;TA Temp C  ;46.7;TG Temp C  ;21.6;WET Temp C ;9.1;DP Temp C  
412;17/05/2008;16:06:44;29.4;WBGT Temp C;12.5;%RH C      ;44.7;TA Temp C  ;47.2;TG Temp C  ;21.8;WET Temp C ;9.4;DP Temp C  
413;17/05/2008;16:07:44;29.5;WBGT Temp C;12.7;%RH C      ;44.8;TA Temp C  ;47.5;TG Temp C  ;21.9;WET Temp C ;9.7;DP Temp C  
414;17/05/2008;16:08:44;29.9;WBGT Temp C;13.9;%RH C      ;44.8;TA Temp C  ;47.6;TG Temp C  ;22.4;WET Temp C ;11;DP Temp C  
415;17/05/2008;16:09:44;29.2;WBGT Temp C;12.9;%RH C      ;44.3;TA Temp C  ;46.7;TG Temp C  ;21.7;WET Temp C ;9.5;DP Temp C  
416;17/05/2008;16:10:44;29.1;WBGT Temp C;13.3;%RH C      ;44.2;TA Temp C  ;46.1;TG Temp C  ;21.9;WET Temp C ;10;DP Temp C  
417;17/05/2008;16:11:44;28.8;WBGT Temp C;12.8;%RH C      ;44.1;TA Temp C  ;45.8;TG Temp C  ;21.6;WET Temp C ;9.2;DP Temp C  
418;17/05/2008;16:12:44;29;WBGT Temp C;13.2;%RH C      ;44.3;TA Temp C  ;45.7;TG Temp C  ;21.9;WET Temp C ;9.9;DP Temp C  
419;17/05/2008;16:13:44;28.9;WBGT Temp C;12.6;%RH C      ;44.3;TA Temp C  ;46;TG Temp C  ;21.7;WET Temp C ;9.2;DP Temp C  
420;17/05/2008;16:14:44;28.9;WBGT Temp C;12.7;%RH C      ;44.3;TA Temp C  ;46;TG Temp C  ;21.6;WET Temp C ;9.3;DP Temp C  
421;17/05/2008;16:15:44;29.1;WBGT Temp C;12.8;%RH C      ;44.5;TA Temp C  ;46.2;TG Temp C  ;21.9;WET Temp C ;9.6;DP Temp C  
422;17/05/2008;16:16:44;28.9;WBGT Temp C;12.8;%RH C      ;44.1;TA Temp C  ;46;TG Temp C  ;21.6;WET Temp C ;9.2;DP Temp C  
423;17/05/2008;16:17:44;28.9;WBGT Temp C;12.9;%RH C      ;44.4;TA Temp C  ;45.9;TG Temp C  ;21.8;WET Temp C ;9.6;DP Temp C  
424;17/05/2008;16:18:44;29.2;WBGT Temp C;12.8;%RH C      ;44.8;TA Temp C  ;46.2;TG Temp C  ;22;WET Temp C ;9.9;DP Temp C  
425;17/05/2008;16:19:44;29.1;WBGT Temp C;12.9;%RH C      ;44.4;TA Temp C  ;46.2;TG Temp C  ;21.8;WET Temp C ;9.7;DP Temp C  
426;17/05/2008;16:20:44;29.1;WBGT Temp C;12.8;%RH C      ;44.6;TA Temp C  ;46.1;TG Temp C  ;21.9;WET Temp C ;9.6;DP Temp C  
427;17/05/2008;16:21:44;29.1;WBGT Temp C;12.7;%RH C      ;44.5;TA Temp C  ;46.4;TG Temp C  ;21.8;WET Temp C ;9.4;DP Temp C  
428;17/05/2008;16:22:44;29.1;WBGT Temp C;13.1;%RH C      ;44.2;TA Temp C  ;46.2;TG Temp C  ;21.8;WET Temp C ;9.7;DP Temp C  
429;17/05/2008;16:23:44;28.9;WBGT Temp C;12.8;%RH C      ;44.3;TA Temp C  ;46;TG Temp C  ;21.7;WET Temp C ;9.4;DP Temp C  
430;17/05/2008;16:24:44;28.9;WBGT Temp C;12.7;%RH C      ;44.4;TA Temp C  ;45.9;TG Temp C  ;21.7;WET Temp C ;9.4;DP Temp C  
431;17/05/2008;16:25:44;28.9;WBGT Temp C;12.6;%RH C      ;44.4;TA Temp C  ;45.8;TG Temp C  ;21.7;WET Temp C ;9.2;DP Temp C  
432;17/05/2008;16:26:44;28.8;WBGT Temp C;12.7;%RH C      ;44.1;TA Temp C  ;45.8;TG Temp C  ;21.6;WET Temp C ;9.2;DP Temp C  
433;17/05/2008;16:27:44;28.9;WBGT Temp C;12.7;%RH C      ;44.3;TA Temp C  ;45.9;TG Temp C  ;21.6;WET Temp C ;9.3;DP Temp C  
434;17/05/2008;16:28:44;28.6;WBGT Temp C;12.5;%RH C      ;43.9;TA Temp C  ;45.7;TG Temp C  ;21.4;WET Temp C ;8.8;DP Temp C  
435;17/05/2008;16:29:44;28.8;WBGT Temp C;12.9;%RH C      ;44.1;TA Temp C  ;45.6;TG Temp C  ;21.6;WET Temp C ;9.4;DP Temp C  
436;17/05/2008;16:30:44;28.7;WBGT Temp C;13;%RH C      ;43.8;TA Temp C  ;45.5;TG Temp C  ;21.5;WET Temp C ;9.3;DP Temp C  
437;17/05/2008;16:31:44;28.5;WBGT Temp C;13.1;%RH C      ;43.5;TA Temp C  ;45.2;TG Temp C  ;21.4;WET Temp C ;9.1;DP Temp C  
438;17/05/2008;16:32:44;28.5;WBGT Temp C;13;%RH C      ;43.6;TA Temp C  ;45.2;TG Temp C  ;21.4;WET Temp C ;9.2;DP Temp C  
439;17/05/2008;16:33:44;28.3;WBGT Temp C;13.2;%RH C      ;43.2;TA Temp C  ;44.9;TG Temp C  ;21.3;WET Temp C ;9.1;DP Temp C  
440;17/05/2008;16:34:44;28.3;WBGT Temp C;13.1;%RH C      ;43.3;TA Temp C  ;44.7;TG Temp C  ;21.3;WET Temp C ;9;DP Temp C  
441;17/05/2008;16:35:44;28.3;WBGT Temp C;13;%RH C      ;43.4;TA Temp C  ;44.7;TG Temp C  ;21.3;WET Temp C ;8.9;DP Temp C  
442;17/05/2008;16:36:44;28.1;WBGT Temp C;12.9;%RH C      ;43.2;TA Temp C  ;44.7;TG Temp C  ;21.1;WET Temp C ;8.7;DP Temp C  
443;17/05/2008;16:37:44;28.3;WBGT Temp C;13.1;%RH C      ;43.4;TA Temp C  ;44.7;TG Temp C  ;21.3;WET Temp C ;9;DP Temp C  
444;17/05/2008;16:38:44;28.4;WBGT Temp C;13.2;%RH C      ;43.5;TA Temp C  ;45;TG Temp C  ;21.4;WET Temp C ;9.2;DP Temp C  
445;17/05/2008;16:39:44;28.4;WBGT Temp C;13.2;%RH C      ;43.5;TA Temp C  ;44.9;TG Temp C  ;21.4;WET Temp C ;9.2;DP Temp C  
446;17/05/2008;16:40:44;28.5;WBGT Temp C;13.4;%RH C      ;43.5;TA Temp C  ;44.9;TG Temp C  ;21.5;WET Temp C ;9.5;DP Temp C  
447;17/05/2008;16:41:44;28.5;WBGT Temp C;13.2;%RH C      ;43.7;TA Temp C  ;45.1;TG Temp C  ;21.5;WET Temp C ;9.4;DP Temp C  
448;17/05/2008;16:42:44;28.8;WBGT Temp C;13.5;%RH C      ;43.9;TA Temp C  ;45.3;TG Temp C  ;21.8;WET Temp C ;9.9;DP Temp C  
449;17/05/2008;16:43:44;28.6;WBGT Temp C;13.1;%RH C      ;43.7;TA Temp C  ;45.4;TG Temp C  ;21.5;WET Temp C ;9.3;DP Temp C  
450;17/05/2008;16:44:44;28.5;WBGT Temp C;13.2;%RH C      ;43.7;TA Temp C  ;45.1;TG Temp C  ;21.5;WET Temp C ;9.4;DP Temp C  
451;17/05/2008;16:45:44;28.4;WBGT Temp C;13.2;%RH C      ;43.5;TA Temp C  ;45;TG Temp C  ;21.4;WET Temp C ;9.2;DP Temp C  
452;17/05/2008;16:46:44;28.6;WBGT Temp C;13.6;%RH C      ;43.6;TA Temp C  ;44.9;TG Temp C  ;21.7;WET Temp C ;9.8;DP Temp C  
453;17/05/2008;16:47:44;28.5;WBGT Temp C;13.3;%RH C      ;43.7;TA Temp C  ;44.9;TG Temp C  ;21.6;WET Temp C ;9.5;DP Temp C  
454;17/05/2008;16:48:44;28.5;WBGT Temp C;13.3;%RH C      ;43.6;TA Temp C  ;45;TG Temp C  ;21.5;WET Temp C ;9.4;DP Temp C  
455;17/05/2008;16:49:44;28.6;WBGT Temp C;13.3;%RH C      ;43.8;TA Temp C  ;45.1;TG Temp C  ;21.6;WET Temp C ;9.6;DP Temp C  
456;17/05/2008;16:50:44;28.6;WBGT Temp C;13.3;%RH C      ;43.7;TA Temp C  ;45.1;TG Temp C  ;21.6;WET Temp C ;9.5;DP Temp C  
457;17/05/2008;16:51:44;28.5;WBGT Temp C;13.4;%RH C      ;43.5;TA Temp C  ;45;TG Temp C  ;21.5;WET Temp C ;9.5;DP Temp C  
458;17/05/2008;16:52:44;28.7;WBGT Temp C;13.1;%RH C      ;44;TA Temp C  ;45.3;TG Temp C  ;21.6;WET Temp C ;9.5;DP Temp C  
459;17/05/2008;16:53:44;28.7;WBGT Temp C;12.9;%RH C      ;44;TA Temp C  ;45.4;TG Temp C  ;21.6;WET Temp C ;9.3;DP Temp C  
460;17/05/2008;16:54:44;28.7;WBGT Temp C;12.9;%RH C      ;43.9;TA Temp C  ;45.4;TG Temp C  ;21.6;WET Temp C ;9.3;DP Temp C  
461;17/05/2008;16:55:44;29.1;WBGT Temp C;13.4;%RH C      ;44.3;TA Temp C  ;45.8;TG Temp C  ;22;WET Temp C ;10.2;DP Temp C  
462;17/05/2008;16:56:44;28.9;WBGT Temp C;12.7;%RH C      ;44.2;TA Temp C  ;46.1;TG Temp C  ;21.6;WET Temp C ;9.2;DP Temp C  
463;17/05/2008;16:57:44;28.9;WBGT Temp C;13;%RH C      ;43.9;TA Temp C  ;46;TG Temp C  ;21.6;WET Temp C ;9.4;DP Temp C  
464;17/05/2008;16:58:44;28.4;WBGT Temp C;12.9;%RH C      ;43.3;TA Temp C  ;45.5;TG Temp C  ;21.2;WET Temp C ;8.7;DP Temp C  
465;17/05/2008;16:59:44;28.6;WBGT Temp C;12.9;%RH C      ;43.8;TA Temp C  ;45.3;TG Temp C  ;21.5;WET Temp C ;9.2;DP Temp C  
466;17/05/2008;17:00:44;28.6;WBGT Temp C;12.3;%RH C      ;44.1;TA Temp C  ;45.7;TG Temp C  ;21.4;WET Temp C ;8.7;DP Temp C  
467;17/05/2008;17:01:44;28.6;WBGT Temp C;12.3;%RH C      ;43.7;TA Temp C  ;46;TG Temp C  ;21.2;WET Temp C ;8.3;DP Temp C  
468;17/05/2008;17:02:44;28.8;WBGT Temp C;12.3;%RH C      ;44.1;TA Temp C  ;46.2;TG Temp C  ;21.4;WET Temp C ;8.7;DP Temp C  
469;17/05/2008;17:03:44;28.9;WBGT Temp C;12;%RH C      ;44.3;TA Temp C  ;46.5;TG Temp C  ;21.4;WET Temp C ;8.4;DP Temp C  
470;17/05/2008;17:04:44;28.8;WBGT Temp C;12.4;%RH C      ;43.9;TA Temp C  ;46.4;TG Temp C  ;21.3;WET Temp C ;8.6;DP Temp C  
471;17/05/2008;17:05:44;28.7;WBGT Temp C;12.2;%RH C      ;43.8;TA Temp C  ;46.4;TG Temp C  ;21.2;WET Temp C ;8.3;DP Temp C  
472;17/05/2008;17:06:44;29;WBGT Temp C;12.5;%RH C      ;44;TA Temp C  ;46.5;TG Temp C  ;21.5;WET Temp C ;8.9;DP Temp C  
473;17/05/2008;17:07:44;28.9;WBGT Temp C;12.1;%RH C      ;44.2;TA Temp C  ;46.4;TG Temp C  ;21.4;WET Temp C ;8.6;DP Temp C  
474;17/05/2008;17:08:44;28.8;WBGT Temp C;12.3;%RH C      ;44.2;TA Temp C  ;46.2;TG Temp C  ;21.4;WET Temp C ;8.7;DP Temp C  
475;17/05/2008;17:09:44;28.6;WBGT Temp C;11.9;%RH C      ;44;TA Temp C  ;45.9;TG Temp C  ;21.2;WET Temp C ;8.1;DP Temp C  
476;17/05/2008;17:10:44;28.3;WBGT Temp C;11.8;%RH C      ;43.7;TA Temp C  ;45.6;TG Temp C  ;21;WET Temp C ;7.8;DP Temp C  
477;17/05/2008;17:11:44;28.3;WBGT Temp C;12;%RH C      ;43.9;TA Temp C  ;45.4;TG Temp C  ;21.1;WET Temp C ;8.1;DP Temp C  
478;17/05/2008;17:12:44;28.4;WBGT Temp C;12;%RH C      ;43.8;TA Temp C  ;45.5;TG Temp C  ;21.1;WET Temp C ;8.1;DP Temp C  
479;17/05/2008;17:13:44;28.5;WBGT Temp C;12.2;%RH C      ;43.8;TA Temp C  ;45.7;TG Temp C  ;21.2;WET Temp C ;8.3;DP Temp C  
480;17/05/2008;17:14:44;28.6;WBGT Temp C;12.6;%RH C      ;43.7;TA Temp C  ;45.9;TG Temp C  ;21.3;WET Temp C ;8.7;DP Temp C  
481;17/05/2008;17:15:44;28.5;WBGT Temp C;12.3;%RH C      ;43.6;TA Temp C  ;45.8;TG Temp C  ;21.2;WET Temp C ;8.3;DP Temp C  
482;17/05/2008;17:16:44;28.5;WBGT Temp C;12.1;%RH C      ;43.9;TA Temp C  ;45.7;TG Temp C  ;21.2;WET Temp C ;8.3;DP Temp C  
483;17/05/2008;17:17:44;28.6;WBGT Temp C;12.3;%RH C      ;43.8;TA Temp C  ;45.7;TG Temp C  ;21.3;WET Temp C ;8.5;DP Temp C  
484;17/05/2008;17:18:44;28.2;WBGT Temp C;12.3;%RH C      ;43.2;TA Temp C  ;45.6;TG Temp C  ;20.9;WET Temp C ;8;DP Temp C  
485;17/05/2008;17:19:44;28.5;WBGT Temp C;12.8;%RH C      ;43.5;TA Temp C  ;45.4;TG Temp C  ;21.3;WET Temp C ;8.9;DP Temp C  
486;17/05/2008;17:20:44;28.6;WBGT Temp C;13.1;%RH C      ;43.7;TA Temp C  ;45.4;TG Temp C  ;21.5;WET Temp C ;9.3;DP Temp C  
487;17/05/2008;17:21:44;28.6;WBGT Temp C;13.1;%RH C      ;43.8;TA Temp C  ;45.4;TG Temp C  ;21.5;WET Temp C ;9.4;DP Temp C  
488;17/05/2008;17:22:44;28.6;WBGT Temp C;13;%RH C      ;43.7;TA Temp C  ;45.5;TG Temp C  ;21.4;WET Temp C ;9.2;DP Temp C  
489;17/05/2008;17:23:44;28.8;WBGT Temp C;13.1;%RH C      ;43.8;TA Temp C  ;45.6;TG Temp C  ;21.6;WET Temp C ;9.4;DP Temp C  
490;17/05/2008;17:24:44;28.6;WBGT Temp C;13.1;%RH C      ;43.6;TA Temp C  ;45.4;TG Temp C  ;21.4;WET Temp C ;9.2;DP Temp C  
491;17/05/2008;17:25:44;28.4;WBGT Temp C;12.9;%RH C      ;43.5;TA Temp C  ;45.1;TG Temp C  ;21.3;WET Temp C ;8.9;DP Temp C  
